Item Title,Publication Title,Book Series Title,Journal Volume,Journal Issue,Item DOI,Authors,Publication Year,URL,Content Type
"Acquired Brain Injury","","","","","10.1007/978-0-387-37575-5","Jean ElbaumDeborah M. Benson","2007","http://link.springer.com/book/10.1007/978-0-387-37575-5","Book"
"Psychology, Religion, and Spirituality","","","","","10.1007/978-0-387-87573-6","James M. Nelson Ph.D.","2009","http://link.springer.com/book/10.1007/978-0-387-87573-6","Book"
"Statics and Mechanics of Structures","","","","","10.1007/978-94-007-6113-1","Steen KrenkJan Høgsberg","2013","http://link.springer.com/book/10.1007/978-94-007-6113-1","Book"
"Probability","","","","","10.1007/978-1-4612-4374-8","Jim Pitman","1993","http://link.springer.com/book/10.1007/978-1-4612-4374-8","Book"
"The Gastrointestinal System","","","","","10.1007/978-94-017-8771-0","Po Sing Leung","2014","http://link.springer.com/book/10.1007/978-94-017-8771-0","Book"
"Electrochemical Impedance Spectroscopy and its Applications","","","","","10.1007/978-1-4614-8933-7","Andrzej Lasia","2014","http://link.springer.com/book/10.1007/978-1-4614-8933-7","Book"
"International Handbook of Historical Archaeology","","","","","10.1007/978-0-387-72071-5","David GaimsterTeresita Majewski","2009","http://link.springer.com/book/10.1007/978-0-387-72071-5","Book"
"Principles of Polymer Chemistry","","","","","10.1007/978-1-4614-2212-9","A. Ravve","2012","http://link.springer.com/book/10.1007/978-1-4614-2212-9","Book"
"Clinical Neuroanatomy: A Neurobehavioral Approach","","","","","10.1007/978-0-387-36601-2","John E. MendozaAnne L. Foundas","2008","http://link.springer.com/book/10.1007/978-0-387-36601-2","Book"
"Electricity and Magnetism","Undergraduate Lecture Notes in Physics","","","","10.1007/978-4-431-54526-2","Teruo Matsushita","2014","http://link.springer.com/book/10.1007/978-4-431-54526-2","Book"
"Advanced Organic Chemistry","Advanced Organic Chemistry","","","","10.1007/978-0-387-71481-3","Francis A. CareyRichard J. Sundberg","2007","http://link.springer.com/book/10.1007/978-0-387-71481-3","Book"
"Quick Start Guide to Verilog","","","","","10.1007/978-3-030-10552-5","Brock J. LaMeres","2019","http://link.springer.com/book/10.1007/978-3-030-10552-5","Book"
"Statistics in Criminal Justice","","","","","10.1007/978-1-4614-9170-5","David WeisburdChester Britt","2014","http://link.springer.com/book/10.1007/978-1-4614-9170-5","Book"
"Perceptual Organization","","","","","10.1007/978-3-319-96337-2","Dr. Stephen Handel","2019","http://link.springer.com/book/10.1007/978-3-319-96337-2","Book"
"Psychology of Perception","","","","","10.1007/978-3-319-31791-5","Simon Grondin","2016","http://link.springer.com/book/10.1007/978-3-319-31791-5","Book"
"Phylogenomics","","","","","10.1007/978-3-319-54064-1","Christoph Bleidorn","2017","http://link.springer.com/book/10.1007/978-3-319-54064-1","Book"
"Plant Physiological Ecology","","","","","10.1007/978-0-387-78341-3","Hans LambersF. Stuart Chapin IIIThijs L. Pons","2008","http://link.springer.com/book/10.1007/978-0-387-78341-3","Book"
"Introductory Statistics with R","Statistics and Computing","","","","10.1007/978-0-387-79054-1","Peter Dalgaard","2008","http://link.springer.com/book/10.1007/978-0-387-79054-1","Book"
"Child Neuropsychology","","","","","10.1007/978-0-387-88963-4","Margaret Semrud-ClikemanPhyllis Anne Teeter Ellison","2009","http://link.springer.com/book/10.1007/978-0-387-88963-4","Book"
"Biomedical Informatics","","","","","10.1007/978-1-4471-4474-8","Edward H. ShortliffeJames J. Cimino","2014","http://link.springer.com/book/10.1007/978-1-4471-4474-8","Book"
"International Perspectives on Psychotherapy","","","","","10.1007/978-3-319-56194-3","Stefan G. Hofmann","2017","http://link.springer.com/book/10.1007/978-3-319-56194-3","Book"
"Extragalactic Astronomy and Cosmology","","","","","10.1007/978-3-642-54083-7","Peter Schneider","2015","http://link.springer.com/book/10.1007/978-3-642-54083-7","Book"
"Sustainability Science","","","","","10.1007/978-94-017-7242-6","Harald HeinrichsPim MartensGerd MichelsenArnim Wiek","2016","http://link.springer.com/book/10.1007/978-94-017-7242-6","Book"
"Engineering Flow and Heat Exchange","","","","","10.1007/978-1-4899-7454-9","Octave Levenspiel","2014","http://link.springer.com/book/10.1007/978-1-4899-7454-9","Book"
"Handbook of Marriage and the Family","","","","","10.1007/978-1-4614-3987-5","Gary W. PetersonKevin R. Bush","2013","http://link.springer.com/book/10.1007/978-1-4614-3987-5","Book"
"Fundamentals of Biomechanics","","","","","10.1007/978-0-387-49312-1","Duane Knudson","2007","http://link.springer.com/book/10.1007/978-0-387-49312-1","Book"
"An Anthology of London in Literature, 1558-1914","","","","","10.1007/978-3-030-05609-4","Geoffrey G. HillerPeter L. GrovesAlan F. Dilnot","2019","http://link.springer.com/book/10.1007/978-3-030-05609-4","Book"
"Climate Change Science: A Modern Synthesis","","","","","10.1007/978-94-007-5757-8","G. Thomas FarmerJohn Cook","2013","http://link.springer.com/book/10.1007/978-94-007-5757-8","Book"
"Handbook Of Biological Confocal Microscopy","","","","","10.1007/978-0-387-45524-2","James B. Pawley","2006","http://link.springer.com/book/10.1007/978-0-387-45524-2","Book"
"Managing Sustainable Business","","","","","10.1007/978-94-024-1144-7","Gilbert G. LenssenN. Craig Smith","2019","http://link.springer.com/book/10.1007/978-94-024-1144-7","Book"
"Social Justice Theory and Practice for Social Work","","","","","10.1007/978-981-13-3621-8","Dr. Lynelle WattsDr. David Hodgson","2019","http://link.springer.com/book/10.1007/978-981-13-3621-8","Book"
"Principles of Fluorescence Spectroscopy","","","","","10.1007/978-0-387-46312-4","Joseph R. Lakowicz","2006","http://link.springer.com/book/10.1007/978-0-387-46312-4","Book"
"Advanced Organic Chemistry","Advanced Organic Chemistry","","","","10.1007/978-0-387-44899-2","Francis A. CareyRichard J. Sundberg","2007","http://link.springer.com/book/10.1007/978-0-387-44899-2","Book"
"Structure Determination by X-ray Crystallography","","","","","10.1007/978-1-4614-3954-7","Mark LaddRex Palmer","2013","http://link.springer.com/book/10.1007/978-1-4614-3954-7","Book"
"Elementary Analysis","Undergraduate Texts in Mathematics","","","","10.1007/978-1-4614-6271-2","Kenneth A. Ross","2013","http://link.springer.com/book/10.1007/978-1-4614-6271-2","Book"
"Political Social Work","","","","","10.1007/978-3-319-68588-5","Shannon R. LaneSuzanne Pritzker","2018","http://link.springer.com/book/10.1007/978-3-319-68588-5","Book"
"Handbook of Evolutionary Research in Archaeology","","","","","10.1007/978-3-030-11117-5","Anna Marie Prentiss","2019","http://link.springer.com/book/10.1007/978-3-030-11117-5","Book"
"Understanding Statistics Using R","","","","","10.1007/978-1-4614-6227-9","Randall SchumackerSara Tomek","2013","http://link.springer.com/book/10.1007/978-1-4614-6227-9","Book"
"Probability Theory","Universitext","","","","10.1007/978-1-4471-5201-9","Alexandr A. Borovkov","2013","http://link.springer.com/book/10.1007/978-1-4471-5201-9","Book"
"Handbook of Disaster Research","Handbooks of Sociology and Social Research","","","","10.1007/978-0-387-32353-4","Havidán RodríguezEnrico L. QuarantelliRussell R. Dynes","2007","http://link.springer.com/book/10.1007/978-0-387-32353-4","Book"
"Handbook of Quantitative Criminology","","","","","10.1007/978-0-387-77650-7","Alex R. PiqueroDavid Weisburd","2010","http://link.springer.com/book/10.1007/978-0-387-77650-7","Book"
"Group Theory","","","","","10.1007/978-3-540-32899-5","Dresselhaus/Dresselhaus/Jorio","2008","http://link.springer.com/book/10.1007/978-3-540-32899-5","Book"
"Learning Landscape Ecology","","","","","10.1007/978-1-4939-6374-4","Sarah E. GergelMonica G. Turner","2017","http://link.springer.com/book/10.1007/978-1-4939-6374-4","Book"
"Search Methodologies","","","","","10.1007/978-1-4614-6940-7","Edmund K. BurkeGraham Kendall","2014","http://link.springer.com/book/10.1007/978-1-4614-6940-7","Book"
"A Clinical Guide to the Treatment of the Human Stress Response","","","","","10.1007/978-1-4614-5538-7","George S. Everly, Jr.Jeffrey M. Lating","2013","http://link.springer.com/book/10.1007/978-1-4614-5538-7","Book"
"Multinational Management","","","","","10.1007/978-3-319-23012-2","Rien T. Segers","2016","http://link.springer.com/book/10.1007/978-3-319-23012-2","Book"
"MATLAB for Psychologists","","","","","10.1007/978-1-4614-2197-9","Mauro BorgoAlessandro SoranzoMassimo Grassi","2012","http://link.springer.com/book/10.1007/978-1-4614-2197-9","Book"
"Understanding Analysis","Undergraduate Texts in Mathematics","","","","10.1007/978-1-4939-2712-8","Stephen Abbott","2015","http://link.springer.com/book/10.1007/978-1-4939-2712-8","Book"
"Of Cigarettes, High Heels, and Other Interesting Things","","","","","10.1057/978-1-349-95348-6","Marcel Danesi","2018","http://link.springer.com/book/10.1057/978-1-349-95348-6","Book"
"Ceramic Materials","","","","","10.1007/978-0-387-46271-4","C. Barry CarterM. Grant Norton","2007","http://link.springer.com/book/10.1007/978-0-387-46271-4","Book"
"Ordinary Differential Equations","Undergraduate Texts in Mathematics","","","","10.1007/978-1-4614-3618-8","William A. AdkinsMark G. Davidson","2012","http://link.springer.com/book/10.1007/978-1-4614-3618-8","Book"
"The Psychology of Social Status","","","","","10.1007/978-1-4939-0867-7","Joey T. ChengJessica L. TracyCameron Anderson","2014","http://link.springer.com/book/10.1007/978-1-4939-0867-7","Book"
"Petroleum Geoscience","","","","","10.1007/978-3-642-34132-8","Knut Bjørlykke","2015","http://link.springer.com/book/10.1007/978-3-642-34132-8","Book"
"Principles of Terrestrial Ecosystem Ecology","","","","","10.1007/978-1-4419-9504-9","F. Stuart Chapin IIIPamela A. MatsonPeter M. Vitousek","2011","http://link.springer.com/book/10.1007/978-1-4419-9504-9","Book"
"Conferencing and Presentation English for Young Academics","Springer Texts in Education","","","","10.1007/978-981-13-2475-8","Michael Guest","2018","http://link.springer.com/book/10.1007/978-981-13-2475-8","Book"
"A Beginner’s Guide to R","Use R!","","","","10.1007/978-0-387-93837-0","Alain F. ZuurElena N. IenoErik H. W. G. Meesters","2009","http://link.springer.com/book/10.1007/978-0-387-93837-0","Book"
"Composite Materials","","","","","10.1007/978-0-387-74365-3","Krishan K. Chawla","2012","http://link.springer.com/book/10.1007/978-0-387-74365-3","Book"
"Transmission Electron Microscopy","","","","","10.1007/978-0-387-76501-3","David B. WilliamsC. Barry Carter","2009","http://link.springer.com/book/10.1007/978-0-387-76501-3","Book"
"Philosophical and Mathematical Logic","Springer Undergraduate Texts in Philosophy","","","","10.1007/978-3-030-03255-5","Harrie de Swart","2018","http://link.springer.com/book/10.1007/978-3-030-03255-5","Book"
"Fatigue of Structures and Materials","","","","","10.1007/978-1-4020-6808-9","Jaap Schijve","2009","http://link.springer.com/book/10.1007/978-1-4020-6808-9","Book"
"The Algorithm Design Manual","","","","","10.1007/978-1-84800-070-4","Steven S. Skiena","2008","http://link.springer.com/book/10.1007/978-1-84800-070-4","Book"
"An Introduction to Zooarchaeology","","","","","10.1007/978-3-319-65682-3","Diane Gifford-Gonzalez","2018","http://link.springer.com/book/10.1007/978-3-319-65682-3","Book"
"Excel Data Analysis","","","","","10.1007/978-3-030-01279-3","Dr. Hector Guerrero","2019","http://link.springer.com/book/10.1007/978-3-030-01279-3","Book"
"Applied Chemistry","","","","","10.1007/978-1-4614-4262-2","O.V. RoussakH. D. Gesser","2013","http://link.springer.com/book/10.1007/978-1-4614-4262-2","Book"
"Handbook of Consumer Finance Research","","","","","10.1007/978-3-319-28887-1","Jing Jian Xiao","2016","http://link.springer.com/book/10.1007/978-3-319-28887-1","Book"
"The Action Research Planner","","","","","10.1007/978-981-4560-67-2","Stephen KemmisRobin McTaggartRhonda Nixon","2014","http://link.springer.com/book/10.1007/978-981-4560-67-2","Book"
"Chemical and Bioprocess Engineering","","","","","10.1007/978-1-4614-9126-2","Ricardo SimpsonSudhir K. Sastry","2013","http://link.springer.com/book/10.1007/978-1-4614-9126-2","Book"
"Principles of Quantum Mechanics","","","","","10.1007/978-1-4757-0576-8","R. Shankar","1994","http://link.springer.com/book/10.1007/978-1-4757-0576-8","Book"
"Acid-Base Diagrams","","","","","10.1007/978-3-642-37902-4","Heike KahlertFritz Scholz","2013","http://link.springer.com/book/10.1007/978-3-642-37902-4","Book"
"Quick Start Guide to VHDL","","","","","10.1007/978-3-030-04516-6","Brock J. LaMeres","2019","http://link.springer.com/book/10.1007/978-3-030-04516-6","Book"
"Introduction to Embedded Systems","","","","","10.1007/978-1-4614-3143-5","Manuel JiménezRogelio PalomeraIsidoro Couvertier","2014","http://link.springer.com/book/10.1007/978-1-4614-3143-5","Book"
"Business Ethics - A Philosophical and Behavioral Approach","","","","","10.1007/978-3-319-91575-3","Prof. Dr. Christian A. Conrad","2018","http://link.springer.com/book/10.1007/978-3-319-91575-3","Book"
"Applied Predictive Modeling","","","","","10.1007/978-1-4614-6849-3","Max KuhnKjell Johnson","2013","http://link.springer.com/book/10.1007/978-1-4614-6849-3","Book"
"Electrochemistry","","","","","10.1007/978-3-642-30250-3","Christine LefrouPierre FabryJean-Claude Poignet","2012","http://link.springer.com/book/10.1007/978-3-642-30250-3","Book"
"Differential Equations and Their Applications","Texts in Applied Mathematics","","","","10.1007/978-1-4612-4360-1","Martin Braun","1993","http://link.springer.com/book/10.1007/978-1-4612-4360-1","Book"
"Introduction to Logic Circuits & Logic Design with Verilog","","","","","10.1007/978-3-030-13605-5","Brock J. LaMeres","2019","http://link.springer.com/book/10.1007/978-3-030-13605-5","Book"
"Introductory Time Series with R","Use R","","","","10.1007/978-0-387-88698-5","Andrew V. MetcalfePaul S.P. Cowpertwait","2009","http://link.springer.com/book/10.1007/978-0-387-88698-5","Book"
"Epidemiological Research: Terms and Concepts","","","","","10.1007/978-94-007-1171-6","O. S. Miettinen","2011","http://link.springer.com/book/10.1007/978-94-007-1171-6","Book"
"Modeling Life","","","","","10.1007/978-3-319-59731-7","Alan GarfinkelJane ShevtsovYina Guo","2017","http://link.springer.com/book/10.1007/978-3-319-59731-7","Book"
"Electronics for Embedded Systems","","","","","10.1007/978-3-319-39439-8","Ahmet Bindal","2017","http://link.springer.com/book/10.1007/978-3-319-39439-8","Book"
"Legal Dynamics of EU External Relations","","","","","10.1007/978-3-662-54817-2","Prof. Dr. Henri de Waele","2017","http://link.springer.com/book/10.1007/978-3-662-54817-2","Book"
"Building Energy Modeling with OpenStudio","","","","","10.1007/978-3-319-77809-9","Dr. Larry BrackneyAndrew ParkerDaniel MacumberKyle Benne","2018","http://link.springer.com/book/10.1007/978-3-319-77809-9","Book"
"Digital Business Models","Progress in IS","","","","10.1007/978-3-030-13005-3","Prof. Dr. Bernd W. Wirtz","2019","http://link.springer.com/book/10.1007/978-3-030-13005-3","Book"
"Strategic International Management","","","","","10.1007/978-3-8349-6331-4","Dirk MorschettHanna Schramm-KleinJoachim Zentes","2010","http://link.springer.com/book/10.1007/978-3-8349-6331-4","Book"
"Representation Theory","Graduate Texts in Mathematics","","","","10.1007/978-1-4612-0979-9","William FultonJoe Harris","2004","http://link.springer.com/book/10.1007/978-1-4612-0979-9","Book"
"Statistical Analysis of Clinical Data on a Pocket Calculator","","","","","10.1007/978-94-007-1211-9","Ton J. CleophasAeilko H. Zwinderman","2011","http://link.springer.com/book/10.1007/978-94-007-1211-9","Book"
"Social Psychology in Action","","","","","10.1007/978-3-030-13788-5","Dr. Kai SassenbergDr. Michael L.W. Vliek","2019","http://link.springer.com/book/10.1007/978-3-030-13788-5","Book"
"Foundations for Designing User-Centered Systems","","","","","10.1007/978-1-4471-5134-0","Frank E. RitterGordon D. BaxterElizabeth F. Churchill","2014","http://link.springer.com/book/10.1007/978-1-4471-5134-0","Book"
"Criminal Justice and Mental Health","","","","","10.1007/978-3-319-76442-9","Jada HectorDavid Khey","2018","http://link.springer.com/book/10.1007/978-3-319-76442-9","Book"
"Argumentation Theory: A Pragma-Dialectical Perspective","Argumentation Library","","","","10.1007/978-3-319-95381-6","Frans H. van Eemeren","2018","http://link.springer.com/book/10.1007/978-3-319-95381-6","Book"
"Market Research","Springer Texts in Business and Economics","","","","10.1007/978-981-10-5218-7","Dr. Erik MooiProf. Dr. Marko SarstedtDr. Irma Mooi-Reci","2018","http://link.springer.com/book/10.1007/978-981-10-5218-7","Book"
"Primer on the Rheumatic Diseases","","","","","10.1007/978-0-387-68566-3","John H. Klippel MDJohn H. Stone MD, MPHLeslie J. Crofford MDPatience H. White MD, MA","2008","http://link.springer.com/book/10.1007/978-0-387-68566-3","Book"
"Introduction to Logic Circuits & Logic Design with VHDL","","","","","10.1007/978-3-030-12489-2","Brock J. LaMeres","2019","http://link.springer.com/book/10.1007/978-3-030-12489-2","Book"
"Educational Technology","Lecture Notes in Educational Technology","","","","10.1007/978-981-13-6643-7","Ronghuai HuangJ. Michael SpectorJunfeng Yang","2019","http://link.springer.com/book/10.1007/978-981-13-6643-7","Book"
"Recommender Systems","","","","","10.1007/978-3-319-29659-3","Charu C. Aggarwal","2016","http://link.springer.com/book/10.1007/978-3-319-29659-3","Book"
"Principles of Musical Acoustics","Undergraduate Lecture Notes in Physics","","","","10.1007/978-1-4614-6786-1","William M. Hartmann","2013","http://link.springer.com/book/10.1007/978-1-4614-6786-1","Book"
"Bioinformatics for Evolutionary Biologists","","","","","10.1007/978-3-319-67395-0","Bernhard HauboldAngelika Börsch-Haubold","2017","http://link.springer.com/book/10.1007/978-3-319-67395-0","Book"
"Geomorphology of Desert Environments","","","","","10.1007/978-1-4020-5719-9","Dr. Anthony J. ParsonsAthol D. Abrahams","2009","http://link.springer.com/book/10.1007/978-1-4020-5719-9","Book"
"Additive Manufacturing Technologies","","","","","10.1007/978-1-4939-2113-3","Ian GibsonDavid RosenBrent Stucker","2015","http://link.springer.com/book/10.1007/978-1-4939-2113-3","Book"
"Principles of Mobile Communication","","","","","10.1007/978-3-319-55615-4","Gordon L. Stüber","2017","http://link.springer.com/book/10.1007/978-3-319-55615-4","Book"
"Reinigungsdienste und Hygiene in Krankenhäusern und Pflegeeinrichtungen","","","","","10.1007/978-3-662-52723-8","Ludwig C. Weber","2017","http://link.springer.com/book/10.1007/978-3-662-52723-8","Book"
"Strategic International Management","","","","","10.1007/978-3-658-07884-3","Dirk MorschettHanna Schramm-KleinJoachim Zentes","2015","http://link.springer.com/book/10.1007/978-3-658-07884-3","Book"
"Quantitative Methods for the Social Sciences","","","","","10.1007/978-3-319-99118-4","Dr. Daniel Stockemer","2019","http://link.springer.com/book/10.1007/978-3-319-99118-4","Book"
"Strategic Retail Management","","","","","10.1007/978-3-658-10183-1","Joachim ZentesDirk MorschettHanna Schramm-Klein","2017","http://link.springer.com/book/10.1007/978-3-658-10183-1","Book"
"Chemical Thermodynamics","","","","","10.1007/978-3-642-19864-9","Ernö Keszei","2012","http://link.springer.com/book/10.1007/978-3-642-19864-9","Book"
"Data Analysis","","","","","10.1007/978-3-319-03762-2","Siegmund Brandt","2014","http://link.springer.com/book/10.1007/978-3-319-03762-2","Book"
"Introduction to Smooth Manifolds","Graduate Texts in Mathematics","","","","10.1007/978-1-4419-9982-5","John M. Lee","2012","http://link.springer.com/book/10.1007/978-1-4419-9982-5","Book"
"Internet of Things From Hype to Reality","","","","","10.1007/978-3-319-99516-8","Dr. Ammar RayesSamer Salam","2019","http://link.springer.com/book/10.1007/978-3-319-99516-8","Book"
"Exam Survival Guide: Physical Chemistry","","","","","10.1007/978-3-319-49810-2","Jochen Vogt","2017","http://link.springer.com/book/10.1007/978-3-319-49810-2","Book"
"Introduction to Plasma Physics and Controlled Fusion","","","","","10.1007/978-3-319-22309-4","Francis F. Chen","2016","http://link.springer.com/book/10.1007/978-3-319-22309-4","Book"
"Ceramic Materials","","","","","10.1007/978-1-4614-3523-5","C. Barry CarterM. Grant Norton","2013","http://link.springer.com/book/10.1007/978-1-4614-3523-5","Book"
"Bayesian and Frequentist Regression Methods","Springer Series in Statistics","","","","10.1007/978-1-4419-0925-1","Jon Wakefield","2013","http://link.springer.com/book/10.1007/978-1-4419-0925-1","Book"
"Transmission Electron Microscopy","","","","","10.1007/978-1-4757-2519-3","David B. WilliamsC. Barry Carter","1996","http://link.springer.com/book/10.1007/978-1-4757-2519-3","Book"
"The Finite Element Method and Applications in Engineering Using ANSYS®","","","","","10.1007/978-1-4899-7550-8","Erdogan MadenciIbrahim Guven","2015","http://link.springer.com/book/10.1007/978-1-4899-7550-8","Book"
"Plate Tectonics","","","","","10.1007/978-3-540-76504-2","Wolfgang FrischMartin MeschedeRonald C. Blakey","2011","http://link.springer.com/book/10.1007/978-3-540-76504-2","Book"
"Solid-State Physics","","","","","10.1007/978-3-540-93804-0","Harald IbachHans Lüth","2009","http://link.springer.com/book/10.1007/978-3-540-93804-0","Book"
"Pflegewissen Pneumologie","Fachwissen Pflege","","","","10.1007/978-3-662-52667-5","Gabriele IberlMavi Schellenberg","2017","http://link.springer.com/book/10.1007/978-3-662-52667-5","Book"
"Thermodynamics and Energy Conversion","","","","","10.1007/978-3-662-43715-5","Henning Struchtrup","2014","http://link.springer.com/book/10.1007/978-3-662-43715-5","Book"
"Philosophy of Race","Palgrave Philosophy Today","","","","10.1007/978-3-319-78729-9","Naomi Zack","2018","http://link.springer.com/book/10.1007/978-3-319-78729-9","Book"
"Empathetic Space on Screen","","","","","10.1007/978-3-319-66772-0","Amedeo D'Adamo","2018","http://link.springer.com/book/10.1007/978-3-319-66772-0","Book"
"Taxation in European Union","","","","","10.1007/978-3-319-53919-5","Pietro Boria","2017","http://link.springer.com/book/10.1007/978-3-319-53919-5","Book"
"Neural Networks and Deep Learning","","","","","10.1007/978-3-319-94463-0","Dr. Charu C. Aggarwal","2018","http://link.springer.com/book/10.1007/978-3-319-94463-0","Book"
"Electrical Machines","Power Electronics and Power Systems","","","","10.1007/978-1-4614-0400-2","Slobodan N. Vukosavic","2013","http://link.springer.com/book/10.1007/978-1-4614-0400-2","Book"
"Pharmaceutical Biotechnology","","","","","10.1007/978-1-4614-6486-0","Daan J. A. CrommelinRobert D. SindelarBernd Meibohm","2013","http://link.springer.com/book/10.1007/978-1-4614-6486-0","Book"
"Applied Bioinformatics","","","","","10.1007/978-3-319-68301-0","Prof. Dr. Paul M. SelzerDr. Richard J. MarhöferDr. Oliver Koch","2018","http://link.springer.com/book/10.1007/978-3-319-68301-0","Book"
"The Elements of Statistical Learning","Springer Series in Statistics","","","","10.1007/978-0-387-84858-7","Trevor HastieRobert TibshiraniJerome Friedman","2009","http://link.springer.com/book/10.1007/978-0-387-84858-7","Book"
"Multimedia Big Data Computing for IoT Applications","Intelligent Systems Reference Library","","","","10.1007/978-981-13-8759-3","Dr. Sudeep TanwarDr. Sudhanshu TyagiDr. Neeraj Kumar","2020","http://link.springer.com/book/10.1007/978-981-13-8759-3","Book"
"Introduction to Logic Circuits & Logic Design with Verilog","","","","","10.1007/978-3-319-53883-9","Brock J. LaMeres","2017","http://link.springer.com/book/10.1007/978-3-319-53883-9","Book"
"Structural Analysis","Solid Mechanics and Its Applications","","","","10.1007/978-90-481-2516-6","O. A. BauchauJ. I. Craig","2009","http://link.springer.com/book/10.1007/978-90-481-2516-6","Book"
"Analytical Corporate Finance","Springer Texts in Business and Economics","","","","10.1007/978-3-319-95762-3","Angelo Corelli","2018","http://link.springer.com/book/10.1007/978-3-319-95762-3","Book"
"Research Methods for the Digital Humanities","","","","","10.1007/978-3-319-96713-4","lewis levenbergTai NeilsonDavid Rheams","2018","http://link.springer.com/book/10.1007/978-3-319-96713-4","Book"
"Plant Physiology, Development and Metabolism","","","","","10.1007/978-981-13-2023-1","Dr. Satish C BhatlaDr. Manju A. Lal","2018","http://link.springer.com/book/10.1007/978-981-13-2023-1","Book"
"Survival Analysis","Statistics for Biology and Health","","","","10.1007/978-1-4419-6646-9","David G. KleinbaumMitchel Klein","2012","http://link.springer.com/book/10.1007/978-1-4419-6646-9","Book"
"Linear Algebra Done Right","Undergraduate Texts in Mathematics","","","","10.1007/978-3-319-11080-6","Sheldon Axler","2015","http://link.springer.com/book/10.1007/978-3-319-11080-6","Book"
"Concise Guide to Databases","Undergraduate Topics in Computer Science","","","","10.1007/978-1-4471-5601-7","Peter LakePaul Crowther","2013","http://link.springer.com/book/10.1007/978-1-4471-5601-7","Book"
"Quantum Mechanics","Graduate Texts in Physics","","","","10.1007/978-3-642-20556-9","Daniel Bes","2012","http://link.springer.com/book/10.1007/978-3-642-20556-9","Book"
"Mass Spectrometry","","","","","10.1007/978-3-319-54398-7","Jürgen H Gross","2017","http://link.springer.com/book/10.1007/978-3-319-54398-7","Book"
"Understanding Cryptography","","","","","10.1007/978-3-642-04101-3","Christof PaarJan Pelzl","2010","http://link.springer.com/book/10.1007/978-3-642-04101-3","Book"
"Mapping Global Theatre Histories","","","","","10.1007/978-3-030-12727-5","Mark Pizzato","2019","http://link.springer.com/book/10.1007/978-3-030-12727-5","Book"
"Computer Vision","Texts in Computer Science","","","","10.1007/978-1-84882-935-0","Richard Szeliski","2011","http://link.springer.com/book/10.1007/978-1-84882-935-0","Book"
"Game Theory","Springer Texts in Business and Economics","","","","10.1007/978-3-662-46950-7","Hans Peters","2015","http://link.springer.com/book/10.1007/978-3-662-46950-7","Book"
"Neurologie","Springer-Lehrbuch","","","","10.1007/978-3-662-46892-0","Werner Hacke","2016","http://link.springer.com/book/10.1007/978-3-662-46892-0","Book"
"The Joy of Science","","","","","10.1007/978-1-4020-6099-1","Richard A. Lockshin Ph.D","2007","http://link.springer.com/book/10.1007/978-1-4020-6099-1","Book"
"Concepts, Methods and Practical Applications in Applied Demography","","","","","10.1007/978-3-319-65439-3","Ph.D. Richard K. Thomas","2018","http://link.springer.com/book/10.1007/978-3-319-65439-3","Book"
"Nanotechnology: Principles and Practices","","","","","10.1007/978-3-319-09171-6","Sulabha K. Kulkarni","2015","http://link.springer.com/book/10.1007/978-3-319-09171-6","Book"
"Numerical Optimization","Springer Series in Operations Research and Financial Engineering","","","","10.1007/978-0-387-40065-5","Jorge NocedalStephen J. Wright","2006","http://link.springer.com/book/10.1007/978-0-387-40065-5","Book"
"Writing for Publication","Springer Texts in Education","","","","10.1007/978-3-319-31650-5","Mary Renck JalongoOlivia N. Saracho","2016","http://link.springer.com/book/10.1007/978-3-319-31650-5","Book"
"Introductory Computer Forensics","","","","","10.1007/978-3-030-00581-8","Xiaodong Lin","2018","http://link.springer.com/book/10.1007/978-3-030-00581-8","Book"
"Arbeits-, Organisations- und Personalpsychologie für Bachelor","Springer-Lehrbuch","","","","10.1007/978-3-662-56013-6","Simone Kauffeld","2019","http://link.springer.com/book/10.1007/978-3-662-56013-6","Book"
"Fraud and Corruption","","","","","10.1007/978-3-319-92333-8","Peter C. KratcoskiDr. Maximilian Edelbacher","2018","http://link.springer.com/book/10.1007/978-3-319-92333-8","Book"
"Correctional Counseling and Treatment","","","","","10.1007/978-3-319-54349-9","Peter C. Kratcoski","2017","http://link.springer.com/book/10.1007/978-3-319-54349-9","Book"
"Fundamentals of Biomechanics","","","","","10.1007/978-3-319-44738-4","Nihat ÖzkayaDawn LegerDr. David GoldsheyderMargareta Nordin","2017","http://link.springer.com/book/10.1007/978-3-319-44738-4","Book"
"Polymer Chemistry","","","","","10.1007/978-3-662-49279-6","Prof. Dr. Sebastian KoltzenburgProf. Michael MaskosProf. Dr. Oskar Nuyken","2017","http://link.springer.com/book/10.1007/978-3-662-49279-6","Book"
"ENZYMES: Catalysis, Kinetics and Mechanisms","","","","","10.1007/978-981-13-0785-0","Dr. N.S. Punekar","2018","http://link.springer.com/book/10.1007/978-981-13-0785-0","Book"
"Control Engineering","Advanced Textbooks in Control and Signal Processing","","","","10.1007/978-981-10-8297-9","Dr. László KeviczkyDr. Ruth BarsDr. Jenő HetthéssyDr. Csilla Bányász","2019","http://link.springer.com/book/10.1007/978-981-10-8297-9","Book"
"Philosophy of Science for Scientists","Springer Undergraduate Texts in Philosophy","","","","10.1007/978-3-319-26551-3","Lars-Göran Johansson","2016","http://link.springer.com/book/10.1007/978-3-319-26551-3","Book"
"A Course in Rasch Measurement Theory","Springer Texts in Education","","","","10.1007/978-981-13-7496-8","Prof. David AndrichIda Marais","2019","http://link.springer.com/book/10.1007/978-981-13-7496-8","Book"
"The A-Z of the PhD Trajectory","Springer Texts in Education","","","","10.1007/978-3-319-77425-1","Eva O. L. Lantsoght","2018","http://link.springer.com/book/10.1007/978-3-319-77425-1","Book"
"Methoden der vergleichenden Politik- und Sozialwissenschaft","","","","","10.1007/978-3-531-91826-6","Susanne PickelGert PickelHans-Joachim LauthDetlef Jahn","2009","http://link.springer.com/book/10.1007/978-3-531-91826-6","Book"
"Fundamental Astronomy","","","","","10.1007/978-3-662-53045-0","Hannu KarttunenPekka KrögerHeikki OjaMarkku PoutanenKarl Johan Donner","2017","http://link.springer.com/book/10.1007/978-3-662-53045-0","Book"
"Time Series Analysis","Springer Texts in Statistics","","","","10.1007/978-0-387-75959-3","Jonathan D. CryerKung-Sik Chan","2008","http://link.springer.com/book/10.1007/978-0-387-75959-3","Book"
"Econometrics","Springer Texts in Business and Economics","","","","10.1007/978-3-642-20059-5","Badi H. Baltagi","2011","http://link.springer.com/book/10.1007/978-3-642-20059-5","Book"
"Travel Marketing, Tourism Economics and the Airline Product","Tourism, Hospitality & Event Management","","","","10.1007/978-3-319-49849-2","Mark Anthony Camilleri","2018","http://link.springer.com/book/10.1007/978-3-319-49849-2","Book"
"Applied Behavior Analysis","","","","","10.1007/978-3-319-44794-0","Kimberly MaichDarren LevineCarmen Hall","2016","http://link.springer.com/book/10.1007/978-3-319-44794-0","Book"
"Experimentalphysik 1","Springer-Lehrbuch","","","","10.1007/978-3-662-54847-9","Wolfgang Demtröder","2018","http://link.springer.com/book/10.1007/978-3-662-54847-9","Book"
"Applied Multivariate Statistical Analysis","","","","","10.1007/978-3-662-45171-7","Wolfgang Karl HärdleLéopold Simar","2015","http://link.springer.com/book/10.1007/978-3-662-45171-7","Book"
"Physics of Semiconductor Devices","","","","","10.1007/978-1-4939-1151-6","Massimo Rudan","2015","http://link.springer.com/book/10.1007/978-1-4939-1151-6","Book"
"Mathematical Logic","Springer Graduate Texts in Philosophy","","","","10.1007/978-3-319-97298-5","Roman Kossak","2018","http://link.springer.com/book/10.1007/978-3-319-97298-5","Book"
"Economics as Applied Ethics","","","","","10.1007/978-3-319-50319-6","Wilfred Beckerman","2017","http://link.springer.com/book/10.1007/978-3-319-50319-6","Book"
"Introduction to Digital Systems Design","","","","","10.1007/978-3-319-92804-3","Prof. Giuliano DonzelliniLuca OnetoProf. Domenico PontaDavide Anguita","2019","http://link.springer.com/book/10.1007/978-3-319-92804-3","Book"
"Brewing Science: A Multidisciplinary Approach","","","","","10.1007/978-3-319-46394-0","Michael MosherKenneth Trantham","2017","http://link.springer.com/book/10.1007/978-3-319-46394-0","Book"
"Astronautics","","","","","10.1007/978-3-319-74373-8","Prof. Dr. Ulrich Walter","2018","http://link.springer.com/book/10.1007/978-3-319-74373-8","Book"
"Introduction to Logic Circuits & Logic Design with VHDL","","","","","10.1007/978-3-319-34195-8","Brock J. LaMeres","2017","http://link.springer.com/book/10.1007/978-3-319-34195-8","Book"
"Bayesian Essentials with R","Springer Texts in Statistics","","","","10.1007/978-1-4614-8687-9","Jean-Michel MarinChristian P. Robert","2014","http://link.springer.com/book/10.1007/978-1-4614-8687-9","Book"
"Communication and Bioethics at the End of Life","","","","","10.1007/978-3-319-70920-8","Lori A. RoscoeDavid P. Schenck","2017","http://link.springer.com/book/10.1007/978-3-319-70920-8","Book"
"Managing Media and Digital Organizations","","","","","10.1007/978-3-319-71288-8","Dr. Eli M. Noam","2019","http://link.springer.com/book/10.1007/978-3-319-71288-8","Book"
"Design Research in Information Systems","Integrated Series in Information Systems","","","","10.1007/978-1-4419-5653-8","Alan HevnerSamir Chatterjee","2010","http://link.springer.com/book/10.1007/978-1-4419-5653-8","Book"
"Human Chromosomes","","","","","10.1007/978-1-4613-0139-4","Orlando J. MillerEeva Therman","2001","http://link.springer.com/book/10.1007/978-1-4613-0139-4","Book"
"Policing and Minority Communities","","","","","10.1007/978-3-030-19182-5","Prof. James F. AlbrechtGarth den HeyerPerry Stanislas","2019","http://link.springer.com/book/10.1007/978-3-030-19182-5","Book"
"Entertainment Science","","","","","10.1007/978-3-319-89292-4","Dr. Thorsten Hennig-ThurauProf. Mark B. Houston","2019","http://link.springer.com/book/10.1007/978-3-319-89292-4","Book"
"Foundations of Behavioral Health","","","","","10.1007/978-3-030-18435-3","Dr. Bruce Lubotsky LevinDr. Ardis Hanson","2020","http://link.springer.com/book/10.1007/978-3-030-18435-3","Book"
"Principles of Microeconomics","Springer Texts in Business and Economics","","","","10.1007/978-3-319-57589-6","Prof. Dr. Martin Kolmar","2017","http://link.springer.com/book/10.1007/978-3-319-57589-6","Book"
"Essential Astrophysics","Undergraduate Lecture Notes in Physics","","","","10.1007/978-3-642-35963-7","Kenneth R. Lang","2013","http://link.springer.com/book/10.1007/978-3-642-35963-7","Book"
"Language Across the Curriculum & CLIL in English as an Additional Language (EAL) Contexts","","","","","10.1007/978-981-10-1802-2","Angel M.Y. Lin","2016","http://link.springer.com/book/10.1007/978-981-10-1802-2","Book"
"ArcGIS for Environmental and Water Issues","Springer Textbooks in Earth Sciences, Geography and Environment","","","","10.1007/978-3-319-61158-7","William Bajjali","2018","http://link.springer.com/book/10.1007/978-3-319-61158-7","Book"
"Data Mining","","","","","10.1007/978-3-319-14142-8","Charu C. Aggarwal","2015","http://link.springer.com/book/10.1007/978-3-319-14142-8","Book"
"Pharmaceutical Biotechnology","","","","","10.1007/978-3-030-00710-2","Daan J. A. CrommelinDr. Robert D. SindelarBernd Meibohm","2019","http://link.springer.com/book/10.1007/978-3-030-00710-2","Book"
"Research Methods for Social Justice and Equity in Education","","","","","10.1007/978-3-030-05900-2","Dr. Kamden K. StrunkProf. Leslie Ann Locke","2019","http://link.springer.com/book/10.1007/978-3-030-05900-2","Book"
"Introduction to Law","","","","","10.1007/978-3-319-57252-9","Prof. Dr. Jaap HageAntonia WaltermannDr. Bram Akkermans","2017","http://link.springer.com/book/10.1007/978-3-319-57252-9","Book"
"Fundamentals of Business Process Management","","","","","10.1007/978-3-642-33143-5","Marlon DumasMarcello La RosaJan MendlingHajo A. Reijers","2013","http://link.springer.com/book/10.1007/978-3-642-33143-5","Book"
"An Introduction to Machine Learning","","","","","10.1007/978-3-319-63913-0","Miroslav Kubat","2017","http://link.springer.com/book/10.1007/978-3-319-63913-0","Book"
"Multivariate Calculus and Geometry","Springer Undergraduate Mathematics Series","","","","10.1007/978-1-4471-6419-7","Seán Dineen","2014","http://link.springer.com/book/10.1007/978-1-4471-6419-7","Book"
"Cardiovascular Biomechanics","","","","","10.1007/978-3-319-46407-7","Peter R. HoskinsPatricia V. LawfordBarry J. Doyle","2017","http://link.springer.com/book/10.1007/978-3-319-46407-7","Book"
"Fundamentals of Solid State Engineering","","","","","10.1007/978-3-319-75708-7","Manijeh Razeghi","2019","http://link.springer.com/book/10.1007/978-3-319-75708-7","Book"
"Time Series Econometrics","Springer Texts in Business and Economics","","","","10.1007/978-3-319-32862-1","Klaus Neusser","2016","http://link.springer.com/book/10.1007/978-3-319-32862-1","Book"
"Perspectives on Elderly Crime and Victimization","","","","","10.1007/978-3-319-72682-3","Peter C. KratcoskiMaximilian Edelbacher","2018","http://link.springer.com/book/10.1007/978-3-319-72682-3","Book"
"Python Programming Fundamentals","Undergraduate Topics in Computer Science","","","","10.1007/978-1-4471-6642-9","Kent D. Lee","2014","http://link.springer.com/book/10.1007/978-1-4471-6642-9","Book"
"Experimentalphysik 3","Springer-Lehrbuch","","","","10.1007/978-3-662-49094-5","Wolfgang Demtröder","2016","http://link.springer.com/book/10.1007/978-3-662-49094-5","Book"
"Food Chemistry","","","","","10.1007/978-3-540-69934-7","Hans-Dieter BelitzWerner GroschPeter Schieberle","2009","http://link.springer.com/book/10.1007/978-3-540-69934-7","Book"
"Data Structures and Algorithms with Python","Undergraduate Topics in Computer Science","","","","10.1007/978-3-319-13072-9","Kent D. LeeSteve Hubbard","2015","http://link.springer.com/book/10.1007/978-3-319-13072-9","Book"
"Roloff/Matek Maschinenelemente Formelsammlung","","","","","10.1007/978-3-658-19900-5","Herbert WittelDieter JannaschJoachim VoßiekChristian Spura","2018","http://link.springer.com/book/10.1007/978-3-658-19900-5","Book"
"Digital Image Processing","Texts in Computer Science","","","","10.1007/978-1-4471-6684-9","Wilhelm BurgerMark J. Burge","2016","http://link.springer.com/book/10.1007/978-1-4471-6684-9","Book"
"Intermediate Physics for Medicine and Biology","","","","","10.1007/978-3-319-12682-1","Russell K. HobbieBradley J. Roth","2015","http://link.springer.com/book/10.1007/978-3-319-12682-1","Book"
"Scanning Electron Microscopy and X-Ray Microanalysis","","","","","10.1007/978-1-4939-6676-9","Joseph I. GoldsteinDale E. NewburyJoseph R. MichaelNicholas W.M. RitchieJohn Henry J. ScottDavid C. Joy","2018","http://link.springer.com/book/10.1007/978-1-4939-6676-9","Book"
"Control Engineering: MATLAB Exercises","Advanced Textbooks in Control and Signal Processing","","","","10.1007/978-981-10-8321-1","Dr. László KeviczkyDr. Ruth BarsDr. Jenő HetthéssyDr. Csilla Bányász","2019","http://link.springer.com/book/10.1007/978-981-10-8321-1","Book"
"Basic Concepts in Computational Physics","","","","","10.1007/978-3-319-27265-8","Benjamin A. SticklerProf. Dr. Ewald Schachinger","2016","http://link.springer.com/book/10.1007/978-3-319-27265-8","Book"
"Database Marketing","International Series in Quantitative Marketing","","","","10.1007/978-0-387-72579-6","Robert C. BlattbergByung-Do KimScott A. Neslin","2008","http://link.springer.com/book/10.1007/978-0-387-72579-6","Book"
"LaTeX in 24 Hours","","","","","10.1007/978-3-319-47831-9","Dilip Datta","2017","http://link.springer.com/book/10.1007/978-3-319-47831-9","Book"
"Probability and Statistics for Computer Science","","","","","10.1007/978-3-319-64410-3","David Forsyth","2018","http://link.springer.com/book/10.1007/978-3-319-64410-3","Book"
"Physical Chemistry from a Different Angle","","","","","10.1007/978-3-319-15666-8","Georg JobRegina Rüffler","2016","http://link.springer.com/book/10.1007/978-3-319-15666-8","Book"
"Gerthsen Physik","Springer-Lehrbuch","","","","10.1007/978-3-662-45977-5","Dieter Meschede","2015","http://link.springer.com/book/10.1007/978-3-662-45977-5","Book"
"Strategic Human Resource Management and Employment Relations","Springer Texts in Business and Economics","","","","10.1007/978-981-13-0399-9","Dr. Ashish Malik","2018","http://link.springer.com/book/10.1007/978-981-13-0399-9","Book"
"Food Fraud Prevention","Food Microbiology and Food Safety","","","","10.1007/978-1-4939-9621-6","John W. Spink","2019","http://link.springer.com/book/10.1007/978-1-4939-9621-6","Book"
"Principles of Data Mining","Undergraduate Topics in Computer Science","","","","10.1007/978-1-4471-7307-6","Max Bramer","2016","http://link.springer.com/book/10.1007/978-1-4471-7307-6","Book"
"Partial Differential Equations","Graduate Texts in Mathematics","","","","10.1007/978-1-4614-4809-9","Jürgen Jost","2013","http://link.springer.com/book/10.1007/978-1-4614-4809-9","Book"
"New Introduction to Multiple Time Series Analysis","","","","","10.1007/978-3-540-27752-1","Professor Dr. Helmut Lütkepohl","2005","http://link.springer.com/book/10.1007/978-3-540-27752-1","Book"
"Fundamentals of Structural Engineering","","","","","10.1007/978-3-319-24331-3","Jerome J. ConnorSusan Faraji","2016","http://link.springer.com/book/10.1007/978-3-319-24331-3","Book"
"Logical Foundations of Cyber-Physical Systems","","","","","10.1007/978-3-319-63588-0","Prof. André Platzer","2018","http://link.springer.com/book/10.1007/978-3-319-63588-0","Book"
"All of Statistics","Springer Texts in Statistics","","","","10.1007/978-0-387-21736-9","Larry Wasserman","2004","http://link.springer.com/book/10.1007/978-0-387-21736-9","Book"
"Sensory Evaluation of Food","Food Science Text Series","","","","10.1007/978-1-4419-6488-5","Harry T. LawlessHildegarde Heymann","2010","http://link.springer.com/book/10.1007/978-1-4419-6488-5","Book"
"An Introduction to Statistical Learning","Springer Texts in Statistics","","","","10.1007/978-1-4614-7138-7","Gareth JamesDaniela WittenTrevor HastieRobert Tibshirani","2013","http://link.springer.com/book/10.1007/978-1-4614-7138-7","Book"
"Integrative Human Biochemistry","","","","","10.1007/978-1-4939-3058-6","Andrea T. da PoianMiguel A. R. B. Castanho","2015","http://link.springer.com/book/10.1007/978-1-4939-3058-6","Book"
"Evidence-Based Interventions for Children with Challenging Behavior","","","","","10.1007/978-1-4614-7807-2","Kathleen Hague ArmstrongJulia A. OggAshley N. Sundman-WheatAudra St. John Walsh","2014","http://link.springer.com/book/10.1007/978-1-4614-7807-2","Book"
"Reading, Writing, and Proving","Undergraduate Texts in Mathematics","","","","10.1007/978-1-4419-9479-0","Ulrich DaeppPamela Gorkin","2011","http://link.springer.com/book/10.1007/978-1-4419-9479-0","Book"
"Off-Grid Electrical Systems in Developing Countries","","","","","10.1007/978-3-319-91890-7","Henry Louie","2018","http://link.springer.com/book/10.1007/978-3-319-91890-7","Book"
"Energy and the Wealth of Nations","","","","","10.1007/978-3-319-66219-0","Prof. Charles A.S. HallProf. Kent Klitgaard","2018","http://link.springer.com/book/10.1007/978-3-319-66219-0","Book"
"A Concise Guide to Market Research","Springer Texts in Business and Economics","","","","10.1007/978-3-662-56707-4","Prof. Dr. Marko SarstedtProf. Erik Mooi","2019","http://link.springer.com/book/10.1007/978-3-662-56707-4","Book"
"Experimentalphysik 2","Springer-Lehrbuch","","","","10.1007/978-3-662-55790-7","Wolfgang Demtröder","2017","http://link.springer.com/book/10.1007/978-3-662-55790-7","Book"
"Entwicklungspsychologie des Kindes- und Jugendalters für Bachelor","Springer-Lehrbuch","","","","10.1007/978-3-662-45529-6","Prof. Dr. Arnold LohausDr. Marc Vierhaus","2015","http://link.springer.com/book/10.1007/978-3-662-45529-6","Book"
"Media and Digital Management","","","","","10.1007/978-3-319-72000-5","Dr. Eli M. Noam","2019","http://link.springer.com/book/10.1007/978-3-319-72000-5","Book"
"Alternative Energy Sources","Green Energy and Technology","","","","10.1007/978-3-642-20951-2","Efstathios E. (Stathis) Michaelides","2012","http://link.springer.com/book/10.1007/978-3-642-20951-2","Book"
"Motivation and Action","","","","","10.1007/978-3-319-65094-4","Prof. Dr. Jutta HeckhausenProf. Dr. Dr. h. c. Heinz Heckhausen","2018","http://link.springer.com/book/10.1007/978-3-319-65094-4","Book"
"Python For ArcGIS","","","","","10.1007/978-3-319-18398-5","Laura Tateosian","2015","http://link.springer.com/book/10.1007/978-3-319-18398-5","Book"
"Clinical Assessment of Child and Adolescent Personality and Behavior","","","","","10.1007/978-1-4419-0641-0","Paul J. FrickChristopher T. BarryRandy W. Kamphaus","2010","http://link.springer.com/book/10.1007/978-1-4419-0641-0","Book"
"Psychoeducational Assessment and Report Writing","","","","","10.1007/978-1-4939-1911-6","Stefan C. Dombrowski","2015","http://link.springer.com/book/10.1007/978-1-4939-1911-6","Book"
"Evidence-Based Critical Care","","","","","10.1007/978-3-319-43341-7","Robert C. Hyzy","2017","http://link.springer.com/book/10.1007/978-3-319-43341-7","Book"
"Systems Programming in Unix/Linux","","","","","10.1007/978-3-319-92429-8","K.C. Wang","2018","http://link.springer.com/book/10.1007/978-3-319-92429-8","Book"
"Cosmology for the Curious","","","","","10.1007/978-3-319-57040-2","Delia PerlovAlex Vilenkin","2017","http://link.springer.com/book/10.1007/978-3-319-57040-2","Book"
"Repetitorium Internistische Intensivmedizin","","","","","10.1007/978-3-662-53182-2","Guido MichelsMatthias Kochanek","2017","http://link.springer.com/book/10.1007/978-3-662-53182-2","Book"
"Principles of Astrophysics","Undergraduate Lecture Notes in Physics","","","","10.1007/978-1-4614-9236-8","Charles Keeton","2014","http://link.springer.com/book/10.1007/978-1-4614-9236-8","Book"
"Integrated Neuroscience","","","","","10.1007/978-1-4615-1077-2","Elliott M. Marcus M.D.Stanley Jacobson Ph.D.","2003","http://link.springer.com/book/10.1007/978-1-4615-1077-2","Book"
"An Introduction to Biomechanics","","","","","10.1007/978-1-4939-2623-7","Jay D. HumphreySherry L. O’Rourke","2015","http://link.springer.com/book/10.1007/978-1-4939-2623-7","Book"
"Metabolism of Human Diseases","","","","","10.1007/978-3-7091-0715-7","Eckhard LammertMartin Zeeb","2014","http://link.springer.com/book/10.1007/978-3-7091-0715-7","Book"
"Lessons on Synthetic Bioarchitectures","Learning Materials in Biosciences","","","","10.1007/978-3-319-73123-0","Prof. Dr. Eva-Kathrin Ehmoser-SinnerDr. Cherng-Wen Darren Tan","2018","http://link.springer.com/book/10.1007/978-3-319-73123-0","Book"
"Eye Tracking Methodology","","","","","10.1007/978-3-319-57883-5","Andrew T. Duchowski","2017","http://link.springer.com/book/10.1007/978-3-319-57883-5","Book"
"Fundamentals of Business Process Management","","","","","10.1007/978-3-662-56509-4","Marlon DumasProf. Dr. Marcello La RosaProf. Dr. Jan MendlingHajo A. Reijers","2018","http://link.springer.com/book/10.1007/978-3-662-56509-4","Book"
"Engineering Mechanics 2","","","","","10.1007/978-3-662-56272-7","Prof. Dr. Dietmar GrossWerner HaugerProf. Dr. Jörg SchröderProf. Dr. Wolfgang A. WallJavier Bonet","2018","http://link.springer.com/book/10.1007/978-3-662-56272-7","Book"
"Enterprise Risk Management Models","Springer Texts in Business and Economics","","","","10.1007/978-3-662-53785-5","David L. OlsonDesheng Dash Wu","2017","http://link.springer.com/book/10.1007/978-3-662-53785-5","Book"
"Calculus With Applications","Undergraduate Texts in Mathematics","","","","10.1007/978-1-4614-7946-8","Peter D. LaxMaria Shea Terrell","2014","http://link.springer.com/book/10.1007/978-1-4614-7946-8","Book"
"Fundamentals of Java Programming","","","","","10.1007/978-3-319-89491-1","Mitsunori Ogihara","2018","http://link.springer.com/book/10.1007/978-3-319-89491-1","Book"
"Weaning","","","","","10.1007/978-3-662-49795-1","Dr. Johannes BickenbachProf. Dr. Gernot MarxProf. Michael DreherProf. Dr. Bernd Schönhofer","2018","http://link.springer.com/book/10.1007/978-3-662-49795-1","Book"
"Motivation und Handeln","Springer-Lehrbuch","","","","10.1007/978-3-662-53927-9","Prof. Dr. Jutta HeckhausenProf. Dr. Dr. h. c. Heinz Heckhausen","2018","http://link.springer.com/book/10.1007/978-3-662-53927-9","Book"
"The Python Workbook","","","","","10.1007/978-3-319-14240-1","Ben Stephenson","2014","http://link.springer.com/book/10.1007/978-3-319-14240-1","Book"
"Structural Dynamics","","","","","10.1007/978-3-319-94743-3","Prof. Mario PazYoung Hoon Kim","2019","http://link.springer.com/book/10.1007/978-3-319-94743-3","Book"
"Spine Surgery","","","","","10.1007/978-3-319-98875-7","Bernhard MeyerMichael Rauschmann","2019","http://link.springer.com/book/10.1007/978-3-319-98875-7","Book"
"Plant Anatomy","","","","","10.1007/978-3-319-77315-5","Richard CrangSheila Lyons-SobaskiRobert Wise","2018","http://link.springer.com/book/10.1007/978-3-319-77315-5","Book"
"International Trade Theory and Policy","Springer Texts in Business and Economics","","","","10.1007/978-3-642-37314-5","Giancarlo Gandolfo","2014","http://link.springer.com/book/10.1007/978-3-642-37314-5","Book"
"Kultur. Theorien der Gegenwart","","","","","10.1007/978-3-531-92056-6","Stephan MoebiusDirk Quadflieg","2011","http://link.springer.com/book/10.1007/978-3-531-92056-6","Book"
"Problems in Classical Electromagnetism","","","","","10.1007/978-3-319-63133-2","Dr. Andrea MacchiDr. Giovanni MoruzziFrancesco Pegoraro","2017","http://link.springer.com/book/10.1007/978-3-319-63133-2","Book"
"LGBT-Parent Families","","","","","10.1007/978-1-4614-4556-2","Abbie E. GoldbergKatherine R. Allen","2013","http://link.springer.com/book/10.1007/978-1-4614-4556-2","Book"
"Essentials of Food Science","Food Science Text Series","","","","10.1007/978-1-4614-9138-5","Vickie A. VaclavikElizabeth W. Christian","2014","http://link.springer.com/book/10.1007/978-1-4614-9138-5","Book"
"Microeconomics","Springer Texts in Business and Economics","","","","10.1007/978-3-642-37434-0","Peter Dorman","2014","http://link.springer.com/book/10.1007/978-3-642-37434-0","Book"
"Proofs from THE BOOK","","","","","10.1007/978-3-662-57265-8","Prof. Dr. Martin AignerProf. Günter M. Ziegler","2018","http://link.springer.com/book/10.1007/978-3-662-57265-8","Book"
"Introduction to Programming with Fortran","","","","","10.1007/978-3-319-75502-1","Ian ChiversJane Sleightholme","2018","http://link.springer.com/book/10.1007/978-3-319-75502-1","Book"
"Statistical Analysis and Data Display","Springer Texts in Statistics","","","","10.1007/978-1-4939-2122-5","Richard M. HeibergerBurt Holland","2015","http://link.springer.com/book/10.1007/978-1-4939-2122-5","Book"
"Introduction to Artificial Intelligence","Undergraduate Topics in Computer Science","","","","10.1007/978-3-319-58487-4","Prof. Dr. Wolfgang Ertel","2017","http://link.springer.com/book/10.1007/978-3-319-58487-4","Book"
"Quantum Theory for Mathematicians","Graduate Texts in Mathematics","","","","10.1007/978-1-4614-7116-5","Brian C. Hall","2013","http://link.springer.com/book/10.1007/978-1-4614-7116-5","Book"
"Data Science and Predictive Analytics","","","","","10.1007/978-3-319-72347-1","Ivo D. Dinov","2018","http://link.springer.com/book/10.1007/978-3-319-72347-1","Book"
"Polymer Synthesis: Theory and Practice","","","","","10.1007/978-3-642-28980-4","Dietrich BraunHarald CherdronMatthias RehahnHelmut RitterBrigitte Voit","2013","http://link.springer.com/book/10.1007/978-3-642-28980-4","Book"
"Knowledge Management","Springer Texts in Business and Economics","","","","10.1007/978-3-319-59978-6","Prof. Dr. Klaus NorthProf. Dr. Gita Kumta","2018","http://link.springer.com/book/10.1007/978-3-319-59978-6","Book"
"Statistical Learning from a Regression Perspective","Springer Texts in Statistics","","","","10.1007/978-3-319-44048-4","Richard A. Berk","2016","http://link.springer.com/book/10.1007/978-3-319-44048-4","Book"
"Disability and Vocational Rehabilitation in Rural Settings","","","","","10.1007/978-3-319-64786-9","Debra A. HarleyNoel A. YsasiMalachy L. BishopAllison R. Fleming","2018","http://link.springer.com/book/10.1007/978-3-319-64786-9","Book"
"Teaching Medicine and Medical Ethics Using Popular Culture","Palgrave Studies in Science and Popular Culture","","","","10.1007/978-3-319-65451-5","Evie KendalBasia Diug","2017","http://link.springer.com/book/10.1007/978-3-319-65451-5","Book"
"Soziologie von Gesundheit und Krankheit","","","","","10.1007/978-3-658-11010-9","Matthias RichterKlaus Hurrelmann","2016","http://link.springer.com/book/10.1007/978-3-658-11010-9","Book"
"Basiswissen Humangenetik","Springer-Lehrbuch","","","","10.1007/978-3-662-56147-8","Christian P. SchaafJohannes Zschocke","2018","http://link.springer.com/book/10.1007/978-3-662-56147-8","Book"
"Logistiksysteme","","","","","10.1007/978-3-662-56228-4","Prof. Hans-Christian Pfohl","2018","http://link.springer.com/book/10.1007/978-3-662-56228-4","Book"
"Tutorium Analysis 1 und Lineare Algebra 1","","","","","10.1007/978-3-662-56752-4","Florian ModlerMartin Kreh","2018","http://link.springer.com/book/10.1007/978-3-662-56752-4","Book"
"Group Theory Applied to Chemistry","Theoretical Chemistry and Computational Modelling","","","","10.1007/978-94-007-6863-5","Arnout Jozef Ceulemans","2013","http://link.springer.com/book/10.1007/978-94-007-6863-5","Book"
"Foundations of Programming Languages","Undergraduate Topics in Computer Science","","","","10.1007/978-3-319-70790-7","Prof. Kent D. Lee","2017","http://link.springer.com/book/10.1007/978-3-319-70790-7","Book"
"Applied Partial Differential Equations","Undergraduate Texts in Mathematics","","","","10.1007/978-3-319-12493-3","J. David Logan","2015","http://link.springer.com/book/10.1007/978-3-319-12493-3","Book"
"Introduction to Particle and Astroparticle Physics","Undergraduate Lecture Notes in Physics","","","","10.1007/978-3-319-78181-5","Alessandro De AngelisMário Pimenta","2018","http://link.springer.com/book/10.1007/978-3-319-78181-5","Book"
"Energy Economics","Springer Texts in Business and Economics","","","","10.1007/978-3-662-53022-1","Peter ZweifelAaron PraktiknjoGeorg Erdmann","2017","http://link.springer.com/book/10.1007/978-3-662-53022-1","Book"
"Stability and Control of Linear Systems","Studies in Systems, Decision and Control","","","","10.1007/978-3-030-02405-5","Prof. Andrea Bacciotti","2019","http://link.springer.com/book/10.1007/978-3-030-02405-5","Book"
"Foundations of Analytical Chemistry","","","","","10.1007/978-3-319-62872-1","Prof. Dr. Miguel Valcárcel CasesDr. Ángela I. López-LorenteMa Ángeles López-Jiménez","2018","http://link.springer.com/book/10.1007/978-3-319-62872-1","Book"
"Stochastik für Einsteiger","","","","","10.1007/978-3-658-22044-0","Prof. Dr. Norbert Henze","2018","http://link.springer.com/book/10.1007/978-3-658-22044-0","Book"
"Handbook of Cardiac Anatomy, Physiology, and Devices","","","","","10.1007/978-3-319-19464-6","Paul A. Iaizzo","2015","http://link.springer.com/book/10.1007/978-3-319-19464-6","Book"
"A Beginner's Guide to Scala, Object Orientation and Functional Programming","","","","","10.1007/978-3-319-75771-1","Dr. John Hunt","2018","http://link.springer.com/book/10.1007/978-3-319-75771-1","Book"
"Irrigation and Drainage Engineering","","","","","10.1007/978-3-319-05699-9","Peter WallerMuluneh Yitayew","2016","http://link.springer.com/book/10.1007/978-3-319-05699-9","Book"
"Beatmung","","","","","10.1007/978-3-662-54853-0","Reinhard LarsenThomas ZiegenfußAlexander Mathes","2018","http://link.springer.com/book/10.1007/978-3-662-54853-0","Book"
"Handbook of LGBT Elders","","","","","10.1007/978-3-319-03623-6","Debra A. HarleyPamela B. Teaster","2016","http://link.springer.com/book/10.1007/978-3-319-03623-6","Book"
"Pocket Guide Beatmung","","","","","10.1007/978-3-662-59657-9","Prof. Dr. Reinhard LarsenDr. Thomas Ziegenfuß","2019","http://link.springer.com/book/10.1007/978-3-662-59657-9","Book"
"Classical Fourier Analysis","Graduate Texts in Mathematics","","","","10.1007/978-1-4939-1194-3","Loukas Grafakos","2014","http://link.springer.com/book/10.1007/978-1-4939-1194-3","Book"
"Pahl/Beitz Konstruktionslehre","","","","","10.1007/978-3-642-29569-0","Jörg FeldhusenKarl-Heinrich Grote","2013","http://link.springer.com/book/10.1007/978-3-642-29569-0","Book"
"Objektorientierte Programmierung mit JavaScript","","","","","10.1007/978-3-658-21077-9","Dr. Jörg Bewersdorff","2018","http://link.springer.com/book/10.1007/978-3-658-21077-9","Book"
"International Humanitarian Action","","","","","10.1007/978-3-319-14454-2","Dr. Hans-Joachim HeintzeProf. Dr. Pierre Thielbörger","2018","http://link.springer.com/book/10.1007/978-3-319-14454-2","Book"
"A Primer on Scientific Programming with Python","Texts in Computational Science and Engineering","","","","10.1007/978-3-662-49887-3","Hans Petter Langtangen","2016","http://link.springer.com/book/10.1007/978-3-662-49887-3","Book"
"Werbe- und Konsumentenpsychologie","","","","","10.1007/978-3-642-37645-0","Georg Felser","2015","http://link.springer.com/book/10.1007/978-3-642-37645-0","Book"
"Modelling Computing Systems","Undergraduate Topics in Computer Science","","","","10.1007/978-1-84800-322-4","Faron MollerGeorg Struth","2013","http://link.springer.com/book/10.1007/978-1-84800-322-4","Book"
"Probability Theory","Universitext","","","","10.1007/978-1-4471-5361-0","Achim Klenke","2014","http://link.springer.com/book/10.1007/978-1-4471-5361-0","Book"
"Quantum Mechanics for Pedestrians 1","Undergraduate Lecture Notes in Physics","","","","10.1007/978-3-030-00464-4","Prof. Dr. Jochen Pade","2018","http://link.springer.com/book/10.1007/978-3-030-00464-4","Book"
"Analyzing Qualitative Data with MAXQDA","","","","","10.1007/978-3-030-15671-8","Prof. Dr. Udo KuckartzDr. Stefan Rädiker","2019","http://link.springer.com/book/10.1007/978-3-030-15671-8","Book"
"UML @ Classroom","Undergraduate Topics in Computer Science","","","","10.1007/978-3-319-12742-2","Martina SeidlMarion ScholzChristian HuemerGerti Kappel","2015","http://link.springer.com/book/10.1007/978-3-319-12742-2","Book"
"Quantum Mechanics for Pedestrians 2","Undergraduate Lecture Notes in Physics","","","","10.1007/978-3-030-00467-5","Prof. Dr. Jochen Pade","2018","http://link.springer.com/book/10.1007/978-3-030-00467-5","Book"
"Linear Programming","International Series in Operations Research & Management Science","","","","10.1007/978-1-4614-7630-6","Robert J. Vanderbei","2014","http://link.springer.com/book/10.1007/978-1-4614-7630-6","Book"
"Mechanics and Thermodynamics","Undergraduate Lecture Notes in Physics","","","","10.1007/978-3-319-27877-3","Wolfgang Demtröder","2017","http://link.springer.com/book/10.1007/978-3-319-27877-3","Book"
"Applied Quantitative Finance","Statistics and Computing","","","","10.1007/978-3-662-54486-0","Prof. Dr. Wolfgang Karl HärdleProf. Cathy Yi-Hsuan ChenProf. Dr. Ludger Overbeck","2017","http://link.springer.com/book/10.1007/978-3-662-54486-0","Book"
"The Nature of Scientific Knowledge","Springer Undergraduate Texts in Philosophy","","","","10.1007/978-3-319-33405-9","Kevin McCain","2016","http://link.springer.com/book/10.1007/978-3-319-33405-9","Book"
"Maschinenbau","","","","","10.1007/978-3-662-55882-9","Dr. Werner Skolaut","2018","http://link.springer.com/book/10.1007/978-3-662-55882-9","Book"
"Foundations of Quantum Mechanics","Undergraduate Lecture Notes in Physics","","","","10.1007/978-3-319-65867-4","Dr. Travis Norsen","2017","http://link.springer.com/book/10.1007/978-3-319-65867-4","Book"
"Particles and Nuclei","Graduate Texts in Physics","","","","10.1007/978-3-662-46321-5","Bogdan PovhKlaus RithChristoph ScholzFrank ZetscheWerner Rodejohann","2015","http://link.springer.com/book/10.1007/978-3-662-46321-5","Book"
"System Dynamics","Springer Texts in Business and Economics","","","","10.1007/978-981-10-2045-2","Bilash Kanti BalaFatimah Mohamed ArshadKusairi Mohd Noh","2017","http://link.springer.com/book/10.1007/978-981-10-2045-2","Book"
"Introduction to Deep Learning","Undergraduate Topics in Computer Science","","","","10.1007/978-3-319-73004-2","Dr. Sandro Skansi","2018","http://link.springer.com/book/10.1007/978-3-319-73004-2","Book"
"Roloff/Matek Maschinenelemente","","","","","10.1007/978-3-658-02327-0","Herbert WittelDieter MuhsDieter JannaschJoachim Voßiek","2013","http://link.springer.com/book/10.1007/978-3-658-02327-0","Book"
"Customer Relationship Management","Springer Texts in Business and Economics","","","","10.1007/978-3-662-55381-7","Prof. V. KumarProf. Dr. Werner Reinartz","2018","http://link.springer.com/book/10.1007/978-3-662-55381-7","Book"
"Fundamentals of Robotic Mechanical Systems","Mechanical Engineering Series","","","","10.1007/978-3-319-01851-5","Jorge Angeles","2014","http://link.springer.com/book/10.1007/978-3-319-01851-5","Book"
"Basiswissen Pharmakologie","Springer-Lehrbuch","","","","10.1007/978-3-662-56303-8","Prof. Dr. med. Roland Seifert","2018","http://link.springer.com/book/10.1007/978-3-662-56303-8","Book"
"Physik für Ingenieure","","","","","10.1007/978-3-662-49355-7","Ekbert HeringRolf MartinMartin Stohrer","2016","http://link.springer.com/book/10.1007/978-3-662-49355-7","Book"
"Computational Geometry","","","","","10.1007/978-3-540-77974-2","Prof. Dr. Mark de BergDr. Otfried CheongDr. Marc van KreveldProf. Dr. Mark Overmars","2008","http://link.springer.com/book/10.1007/978-3-540-77974-2","Book"
"Optimization of Process Flowsheets through Metaheuristic Techniques","","","","","10.1007/978-3-319-91722-1","Prof. Dr. José María Ponce-OrtegaLuis Germán Hernández-Pérez","2019","http://link.springer.com/book/10.1007/978-3-319-91722-1","Book"
"Evidence-Based Practice in Clinical Social Work","Essential Clinical Social Work Series","","","","10.1007/978-3-030-15224-6","James W. DriskoMelissa D. Grady","2019","http://link.springer.com/book/10.1007/978-3-030-15224-6","Book"
"Introduction to Time Series and Forecasting","Springer Texts in Statistics","","","","10.1007/978-3-319-29854-2","Peter J. BrockwellRichard A. Davis","2016","http://link.springer.com/book/10.1007/978-3-319-29854-2","Book"
"Beatmung für Einsteiger","","","","","10.1007/978-3-662-59294-6","Hartmut Lang","2020","http://link.springer.com/book/10.1007/978-3-662-59294-6","Book"
"Statistics and Data Analysis for Financial Engineering","Springer Texts in Statistics","","","","10.1007/978-1-4939-2614-5","David RuppertDavid S. Matteson","2015","http://link.springer.com/book/10.1007/978-1-4939-2614-5","Book"
"Life Cycle Assessment","","","","","10.1007/978-3-319-56475-3","Prof. Michael Z. HauschildDr. Ralph K. RosenbaumDr. Stig Irving Olsen","2018","http://link.springer.com/book/10.1007/978-3-319-56475-3","Book"
"Plant Ecology","","","","","10.1007/978-3-662-56233-8","Prof. Dr. Ernst-Detlef SchulzeProf. Dr. Erwin BeckDr. Nina BuchmannStephan ClemensProf. Dr. Klaus Müller-HohensteinProf. Dr. Michael Scherer-Lorenzen","2019","http://link.springer.com/book/10.1007/978-3-662-56233-8","Book"
"Engineering Mechanics 1","","","","","10.1007/978-3-642-30319-7","Dietmar GrossWerner HaugerJörg SchröderWolfgang A. WallNimal Rajapakse","2013","http://link.springer.com/book/10.1007/978-3-642-30319-7","Book"
"Complex Analysis","Undergraduate Texts in Mathematics","","","","10.1007/978-1-4419-7288-0","Joseph BakDonald J. Newman","2010","http://link.springer.com/book/10.1007/978-1-4419-7288-0","Book"
"Real Analysis","Undergraduate Texts in Mathematics","","","","10.1007/978-1-4939-2766-1","Miklós LaczkovichVera T. Sós","2015","http://link.springer.com/book/10.1007/978-1-4939-2766-1","Book"
"Witnessing Torture","Palgrave Studies in Life Writing","","","","10.1007/978-3-319-74965-5","Alexandra S. MooreElizabeth Swanson","2018","http://link.springer.com/book/10.1007/978-3-319-74965-5","Book"
"Engineering Electromagnetics","","","","","10.1007/978-3-319-07806-9","Nathan Ida","2015","http://link.springer.com/book/10.1007/978-3-319-07806-9","Book"
"Linear Algebra and Analytic Geometry for Physical Sciences","Undergraduate Lecture Notes in Physics","","","","10.1007/978-3-319-78361-1","Dr. Giovanni LandiAlessandro Zampini","2018","http://link.springer.com/book/10.1007/978-3-319-78361-1","Book"
"Robotics","","","","","10.1007/978-3-319-72911-4","Prof. Dr. Matjaž MiheljProf. Dr. Tadej BajdProf. Dr. Aleš UdeProf. Dr. Jadran LenarčičProf. Dr. Aleš StanovnikProf. Dr. Marko MunihDr. Jure RejcDr. Sebastjan Šlajpah","2019","http://link.springer.com/book/10.1007/978-3-319-72911-4","Book"
"Fluid Dynamics","Graduate Texts in Physics","","","","10.1007/978-3-319-09351-2","Michel Rieutord","2015","http://link.springer.com/book/10.1007/978-3-319-09351-2","Book"
"The Data Science Design Manual","Texts in Computer Science","","","","10.1007/978-3-319-55444-0","Steven S. Skiena","2017","http://link.springer.com/book/10.1007/978-3-319-55444-0","Book"
"The Sea Floor","Springer Textbooks in Earth Sciences, Geography and Environment","","","","10.1007/978-3-319-51412-3","Eugen SeiboldWolfgang Berger","2017","http://link.springer.com/book/10.1007/978-3-319-51412-3","Book"
"Guide to Competitive Programming","Undergraduate Topics in Computer Science","","","","10.1007/978-3-319-72547-5","Antti Laaksonen","2017","http://link.springer.com/book/10.1007/978-3-319-72547-5","Book"
"International Business Management","Springer Texts in Business and Economics","","","","10.1007/978-3-319-96622-9","Kamal FatehiJeongho Choi","2019","http://link.springer.com/book/10.1007/978-3-319-96622-9","Book"
"Social Media Management","Springer Texts in Business and Economics","","","","10.1007/978-3-319-21990-5","Amy Van Looy","2016","http://link.springer.com/book/10.1007/978-3-319-21990-5","Book"
"A Pythagorean Introduction to Number Theory","Undergraduate Texts in Mathematics","","","","10.1007/978-3-030-02604-2","Ramin Takloo-Bighash","2018","http://link.springer.com/book/10.1007/978-3-030-02604-2","Book"
"Applied Linear Algebra","Undergraduate Texts in Mathematics","","","","10.1007/978-3-319-91041-3","Peter J. OlverChehrzad Shakiban","2018","http://link.springer.com/book/10.1007/978-3-319-91041-3","Book"
"Clinical Data Analysis on a Pocket Calculator","","","","","10.1007/978-3-319-27104-0","Ton J. CleophasAeilko H. Zwinderman","2016","http://link.springer.com/book/10.1007/978-3-319-27104-0","Book"
"Physics of Oscillations and Waves","Undergraduate Texts in Physics","","","","10.1007/978-3-319-72314-3","Dr. Arnt Inge Vistnes","2018","http://link.springer.com/book/10.1007/978-3-319-72314-3","Book"
"Mathematical Physics","","","","","10.1007/978-3-319-01195-0","Sadri Hassani","2013","http://link.springer.com/book/10.1007/978-3-319-01195-0","Book"
"Grammar for Teachers","Springer Texts in Education","","","","10.1007/978-3-319-33916-0","Andrea DeCapua","2017","http://link.springer.com/book/10.1007/978-3-319-33916-0","Book"
"A First Introduction to Quantum Physics","Undergraduate Lecture Notes in Physics","","","","10.1007/978-3-319-92207-2","Dr. Pieter Kok","2018","http://link.springer.com/book/10.1007/978-3-319-92207-2","Book"
"Sport","Bachelor","","","","10.1007/978-3-642-37546-0","Arne Güllich Prof. Dr.Michael Krüger Prof. Dr.","2013","http://link.springer.com/book/10.1007/978-3-642-37546-0","Book"
"Introduction to Statistics and Data Analysis","","","","","10.1007/978-3-319-46162-5","Christian HeumannMichael SchomakerShalabh","2016","http://link.springer.com/book/10.1007/978-3-319-46162-5","Book"
"Stochastic Processes and Calculus","Springer Texts in Business and Economics","","","","10.1007/978-3-319-23428-1","Uwe Hassler","2016","http://link.springer.com/book/10.1007/978-3-319-23428-1","Book"
"Physics from Symmetry","Undergraduate Lecture Notes in Physics","","","","10.1007/978-3-319-66631-0","Jakob Schwichtenberg","2018","http://link.springer.com/book/10.1007/978-3-319-66631-0","Book"
"Introduction to Electronic Commerce and Social Commerce","Springer Texts in Business and Economics","","","","10.1007/978-3-319-50091-1","Efraim TurbanJudy WhitesideDavid KingJon Outland","2017","http://link.springer.com/book/10.1007/978-3-319-50091-1","Book"
"Brownian Motion, Martingales, and Stochastic Calculus","Graduate Texts in Mathematics","","","","10.1007/978-3-319-31089-3","Jean-François Le Gall","2016","http://link.springer.com/book/10.1007/978-3-319-31089-3","Book"
"Introductory Quantum Mechanics","UNITEXT for Physics","","","","10.1007/978-3-319-68598-4","Prof. Dr. Paul R. Berman","2018","http://link.springer.com/book/10.1007/978-3-319-68598-4","Book"
"Solar PV and Wind Energy Conversion Systems","Green Energy and Technology","","","","10.1007/978-3-319-14941-7","S. SumathiL. Ashok KumarP. Surekha","2015","http://link.springer.com/book/10.1007/978-3-319-14941-7","Book"
"Fundamentals of Clinical Trials","","","","","10.1007/978-3-319-18539-2","Lawrence M. FriedmanCurt D. FurbergDavid L. DeMetsDavid M. ReboussinChristopher B. Granger","2015","http://link.springer.com/book/10.1007/978-3-319-18539-2","Book"
"Robotics","Advanced Textbooks in Control and Signal Processing","","","","10.1007/978-1-84628-642-1","Bruno SicilianoLorenzo SciaviccoLuigi VillaniGiuseppe Oriolo","2009","http://link.springer.com/book/10.1007/978-1-84628-642-1","Book"
"Additive Manufacturing Technologies","","","","","10.1007/978-1-4419-1120-9","Dr. Ian GibsonDr. David W. RosenDr. Brent Stucker","2010","http://link.springer.com/book/10.1007/978-1-4419-1120-9","Book"
"Corporate Social Responsibility","CSR, Sustainability, Ethics & Governance","","","","10.1007/978-3-642-40975-2","John O. OkparaSamuel O. Idowu","2013","http://link.springer.com/book/10.1007/978-3-642-40975-2","Book"
"Electronic Commerce 2018","Springer Texts in Business and Economics","","","","10.1007/978-3-319-58715-8","Efraim TurbanJon OutlandDavid KingJae Kyu LeeDr. Ting-Peng LiangDeborrah C. Turban","2018","http://link.springer.com/book/10.1007/978-3-319-58715-8","Book"
"Elementary Mechanics Using Matlab","Undergraduate Lecture Notes in Physics","","","","10.1007/978-3-319-19587-2","Anders Malthe-Sørenssen","2015","http://link.springer.com/book/10.1007/978-3-319-19587-2","Book"
"Object-Oriented Analysis, Design and Implementation","Undergraduate Topics in Computer Science","","","","10.1007/978-3-319-24280-4","Brahma DathanSarnath Ramnath","2015","http://link.springer.com/book/10.1007/978-3-319-24280-4","Book"
"Guide to Discrete Mathematics","Texts in Computer Science","","","","10.1007/978-3-319-44561-8","Gerard O'Regan","2016","http://link.springer.com/book/10.1007/978-3-319-44561-8","Book"
"Practical Electrical Engineering","","","","","10.1007/978-3-319-21173-2","Sergey N. MakarovReinhold LudwigStephen J. Bitar","2016","http://link.springer.com/book/10.1007/978-3-319-21173-2","Book"
"Elementary Mechanics Using Python","Undergraduate Lecture Notes in Physics","","","","10.1007/978-3-319-19596-4","Anders Malthe-Sørenssen","2015","http://link.springer.com/book/10.1007/978-3-319-19596-4","Book"
"Automata and Computability","Undergraduate Texts in Computer Science","","","","10.1007/978-1-4612-1844-9","Dexter C. Kozen","1997","http://link.springer.com/book/10.1007/978-1-4612-1844-9","Book"
"Motivation und Emotion","Springer-Lehrbuch","","","","10.1007/978-3-662-56685-5","Veronika BrandstätterJulia SchülerRosa Maria PucaLjubica Lozo","2018","http://link.springer.com/book/10.1007/978-3-662-56685-5","Book"
"Introduction to General Relativity","Undergraduate Lecture Notes in Physics","","","","10.1007/978-981-13-1090-4","Prof. Dr. Cosimo Bambi","2018","http://link.springer.com/book/10.1007/978-981-13-1090-4","Book"
"Mathematik","","","","","10.1007/978-3-642-44919-2","Tilo ArensFrank HettlichChristian KarpfingerUlrich KockelkornKlaus LichteneggerHellmuth Stachel","2015","http://link.springer.com/book/10.1007/978-3-642-44919-2","Book"
"Konkrete Mathematik (nicht nur) für Informatiker","","","","","10.1007/978-3-658-21565-1","Prof. Dr. Edmund Weitz","2018","http://link.springer.com/book/10.1007/978-3-658-21565-1","Book"
"Concise Guide to Software Engineering","Undergraduate Topics in Computer Science","","","","10.1007/978-3-319-57750-0","Gerard O'Regan","2017","http://link.springer.com/book/10.1007/978-3-319-57750-0","Book"
"Praktikum in Werkstoffkunde","","","","","10.1007/978-3-658-05038-2","Eckard MacherauchHans-Werner Zoch","2014","http://link.springer.com/book/10.1007/978-3-658-05038-2","Book"
"School Leadership and Educational Change in Singapore","Springer Texts in Education","","","","10.1007/978-3-319-74746-0","Benjamin WongSalleh HaironPak Tee Ng","2019","http://link.springer.com/book/10.1007/978-3-319-74746-0","Book"
"Leadership Today","Springer Texts in Business and Economics","","","","10.1007/978-3-319-31036-7","Joan MarquesSatinder Dhiman","2017","http://link.springer.com/book/10.1007/978-3-319-31036-7","Book"
"Biochemie","","","","","10.1007/978-3-662-54851-6","Prof. Dr. Werner Müller-Esterl","2018","http://link.springer.com/book/10.1007/978-3-662-54851-6","Book"
"A Beginners Guide to Python 3 Programming","Undergraduate Topics in Computer Science","","","","10.1007/978-3-030-20290-3","Dr. John Hunt","2019","http://link.springer.com/book/10.1007/978-3-030-20290-3","Book"
"Automatic Control with Experiments","Advanced Textbooks in Control and Signal Processing","","","","10.1007/978-3-319-75804-6","Dr. Victor Manuel Hernández-GuzmánProf. Dr. Ramón Silva-Ortigoza","2019","http://link.springer.com/book/10.1007/978-3-319-75804-6","Book"
"Energy Storage","","","","","10.1007/978-3-319-21239-5","Robert Huggins","2016","http://link.springer.com/book/10.1007/978-3-319-21239-5","Book"
"Design and Analysis of Experiments","Springer Texts in Statistics","","","","10.1007/978-3-319-52250-0","Angela DeanDaniel VossDanel Draguljić","2017","http://link.springer.com/book/10.1007/978-3-319-52250-0","Book"
"Evolutionary Thinking in Medicine","Advances in the Evolutionary Analysis of Human Behaviour","","","","10.1007/978-3-319-29716-3","Alexandra AlvergneCrispin JenkinsonCharlotte Faurie","2016","http://link.springer.com/book/10.1007/978-3-319-29716-3","Book"
"Logistics","Springer Texts in Business and Economics","","","","10.1007/978-3-319-01769-3","Harald GleissnerJ. Christian Femerling","2013","http://link.springer.com/book/10.1007/978-3-319-01769-3","Book"
"Advanced Quantum Mechanics","Graduate Texts in Physics","","","","10.1007/978-3-319-25675-7","Rainer Dick","2016","http://link.springer.com/book/10.1007/978-3-319-25675-7","Book"
"Fundamentals of Multimedia","Texts in Computer Science","","","","10.1007/978-3-319-05290-8","Ze-Nian LiMark S. DrewJiangchuan Liu","2014","http://link.springer.com/book/10.1007/978-3-319-05290-8","Book"
"Fragebogen","Studienskripten zur Soziologie","","","","10.1007/978-3-658-02118-4","Rolf Porst","2014","http://link.springer.com/book/10.1007/978-3-658-02118-4","Book"
"Java in Two Semesters","Texts in Computer Science","","","","10.1007/978-3-319-99420-8","Dr. Quentin CharatanDr. Aaron Kans","2019","http://link.springer.com/book/10.1007/978-3-319-99420-8","Book"
"Social Marketing in Action","Springer Texts in Business and Economics","","","","10.1007/978-3-030-13020-6","Debra Z. BasilGonzalo Diaz-MenesesMichael D. Basil","2019","http://link.springer.com/book/10.1007/978-3-030-13020-6","Book"
"Clinical Methods in Medical Family Therapy","Focused Issues in Family Therapy","","","","10.1007/978-3-319-68834-3","Tai MendenhallAngela LamsonJennifer HodgsonDr. Macaran Baird","2018","http://link.springer.com/book/10.1007/978-3-319-68834-3","Book"
"Allgemeine und Spezielle Pathologie","Springer-Lehrbuch","","","","10.1007/978-3-662-48725-9","Ursus-Nikolaus RiedeMartin Werner","2017","http://link.springer.com/book/10.1007/978-3-662-48725-9","Book"
"Robotics, Vision and Control","Springer Tracts in Advanced Robotics","","","","10.1007/978-3-319-54413-7","Peter Corke","2017","http://link.springer.com/book/10.1007/978-3-319-54413-7","Book"
"Computational Physics","Graduate Texts in Physics","","","","10.1007/978-3-319-00401-3","Philipp O.J. Scherer","2013","http://link.springer.com/book/10.1007/978-3-319-00401-3","Book"
"Electronic Commerce","Springer Texts in Business and Economics","","","","10.1007/978-3-319-10091-3","Efraim TurbanDavid KingJae Kyu LeeTing-Peng LiangDeborrah C. Turban","2015","http://link.springer.com/book/10.1007/978-3-319-10091-3","Book"
"Statistik","Springer-Lehrbuch","","","","10.1007/978-3-662-50372-0","Ludwig FahrmeirChristian HeumannRita KünstlerIris PigeotGerhard Tutz","2016","http://link.springer.com/book/10.1007/978-3-662-50372-0","Book"
"Food Analysis Laboratory Manual","Food Science Text Series","","","","10.1007/978-3-319-44127-6","Dr. S. Suzanne Nielsen","2017","http://link.springer.com/book/10.1007/978-3-319-44127-6","Book"
"Statistics and Analysis of Scientific Data","Graduate Texts in Physics","","","","10.1007/978-1-4939-6572-4","Massimiliano Bonamente","2017","http://link.springer.com/book/10.1007/978-1-4939-6572-4","Book"
"Breast Cancer","","","","","10.1007/978-3-319-48848-6","Prof. Umberto VeronesiDr. Aron GoldhirschPaolo VeronesiDr. Oreste Davide GentiliniMaria Cristina Leonardi","2017","http://link.springer.com/book/10.1007/978-3-319-48848-6","Book"
"Pflegewissen Intermediate Care","Fachwissen Pflege","","","","10.1007/978-3-662-49511-7","Jutta BuschBirgit Trierweiler-Hauke","2016","http://link.springer.com/book/10.1007/978-3-662-49511-7","Book"
"Introduction to Partial Differential Equations","Undergraduate Texts in Mathematics","","","","10.1007/978-3-319-02099-0","Peter J. Olver","2014","http://link.springer.com/book/10.1007/978-3-319-02099-0","Book"
"Analysis 1","Grundkurs Mathematik","","","","10.1007/978-3-658-11545-6","Otto Forster","2016","http://link.springer.com/book/10.1007/978-3-658-11545-6","Book"
"Linear and Nonlinear Programming","International Series in Operations Research & Management Science","","","","10.1007/978-3-319-18842-3","David G. LuenbergerYinyu Ye","2016","http://link.springer.com/book/10.1007/978-3-319-18842-3","Book"
"Reactive Power Control in AC Power Systems","Power Systems","","","","10.1007/978-3-319-51118-4","Naser Mahdavi TabatabaeiAli Jafari AghbolaghiNicu BizonFrede Blaabjerg","2017","http://link.springer.com/book/10.1007/978-3-319-51118-4","Book"
"Business Process Management Cases","Management for Professionals","","","","10.1007/978-3-319-58307-5","Prof. Dr. Jan vom BrockeProf. Dr. Jan Mendling","2018","http://link.springer.com/book/10.1007/978-3-319-58307-5","Book"
"Introduction to Partial Differential Equations","Universitext","","","","10.1007/978-3-319-48936-0","David Borthwick","2016","http://link.springer.com/book/10.1007/978-3-319-48936-0","Book"
"Global Supply Chain and Operations Management","Springer Texts in Business and Economics","","","","10.1007/978-3-319-94313-8","Prof. Dr. Dmitry IvanovProf. Dr. Alexander TsipoulanidisProf. Dr. Jörn Schönberger","2019","http://link.springer.com/book/10.1007/978-3-319-94313-8","Book"
"Machine Learning in Medicine - a Complete Overview","","","","","10.1007/978-3-319-15195-3","Ton J. CleophasAeilko H. Zwinderman","2015","http://link.springer.com/book/10.1007/978-3-319-15195-3","Book"
"Introduction to Mathematica® for Physicists","Graduate Texts in Physics","","","","10.1007/978-3-319-00894-3","Andrey Grozin","2014","http://link.springer.com/book/10.1007/978-3-319-00894-3","Book"
"Analysis for Computer Scientists","Undergraduate Topics in Computer Science","","","","10.1007/978-3-319-91155-7","Univ.-Prof. Dr. Dr. Michael OberguggenbergerUniv.-Prof. Dr. Alexander Ostermann","2018","http://link.springer.com/book/10.1007/978-3-319-91155-7","Book"
"Linear Algebra","Springer Undergraduate Mathematics Series","","","","10.1007/978-3-319-24346-7","Jörg LiesenVolker Mehrmann","2015","http://link.springer.com/book/10.1007/978-3-319-24346-7","Book"
"Developmental Neurobiology","","","","","10.1007/0-387-28117-7","Mahendra S. RaoMarcus Jacobson†","2005","http://link.springer.com/book/10.1007/0-387-28117-7","Book"
"Food Analysis","Food Science Text Series","","","","10.1007/978-3-319-45776-5","Dr. S. Suzanne Nielsen","2017","http://link.springer.com/book/10.1007/978-3-319-45776-5","Book"
"Sozialpsychologie","Springer-Lehrbuch","","","","10.1007/978-3-642-41091-8","Klaus JonasWolfgang StroebeMiles Hewstone","2014","http://link.springer.com/book/10.1007/978-3-642-41091-8","Book"
"Sustainable Supply Chains","Springer Series in Supply Chain Management","","","","10.1007/978-3-319-29791-0","Yann BoucheryCharles J. CorbettJan C. FransooTarkan Tan","2017","http://link.springer.com/book/10.1007/978-3-319-29791-0","Book"
"Principles of Physics","Undergraduate Lecture Notes in Physics","","","","10.1007/978-3-642-23026-4","Hafez  A . RadiJohn O Rasmussen","2013","http://link.springer.com/book/10.1007/978-3-642-23026-4","Book"
"Robotics, Vision and Control","Springer Tracts in Advanced Robotics","","","","10.1007/978-3-642-20144-8","Peter Corke","2011","http://link.springer.com/book/10.1007/978-3-642-20144-8","Book"
"Physical Asset Management","","","","","10.1007/978-3-319-14777-2","Nicholas Anthony John Hastings","2015","http://link.springer.com/book/10.1007/978-3-319-14777-2","Book"
"Supply Chain Management and Advanced Planning","Springer Texts in Business and Economics","","","","10.1007/978-3-642-55309-7","Hartmut StadtlerChristoph KilgerHerbert Meyr","2015","http://link.springer.com/book/10.1007/978-3-642-55309-7","Book"
"Höhere Mathematik in Rezepten","","","","","10.1007/978-3-662-54809-7","Dr. Christian Karpfinger","2017","http://link.springer.com/book/10.1007/978-3-662-54809-7","Book"
"Energy Harvesting and Energy Efficiency","Lecture Notes in Energy","","","","10.1007/978-3-319-49875-1","Nicu BizonNaser Mahdavi TabatabaeiFrede BlaabjergErol Kurt","2017","http://link.springer.com/book/10.1007/978-3-319-49875-1","Book"
"Cryptography Made Simple","Information Security and Cryptography","","","","10.1007/978-3-319-21936-3","Nigel P. Smart","2016","http://link.springer.com/book/10.1007/978-3-319-21936-3","Book"
"Guide to Computer Network Security","Computer Communications and Networks","","","","10.1007/978-3-319-55606-2","Joseph Migga Kizza","2017","http://link.springer.com/book/10.1007/978-3-319-55606-2","Book"
"Introduction to Evolutionary Computing","Natural Computing Series","","","","10.1007/978-3-662-44874-8","A.E. EibenJ.E. Smith","2015","http://link.springer.com/book/10.1007/978-3-662-44874-8","Book"
"Praxis der Intensivmedizin","","","","","10.1007/978-3-642-34433-6","Prof. Dr. med. Wolfram Wilhelm DEAA","2013","http://link.springer.com/book/10.1007/978-3-642-34433-6","Book"
"Magnetic Interactions in Molecules and Solids","Theoretical Chemistry and Computational Modelling","","","","10.1007/978-3-319-22951-5","Coen de GraafRia Broer","2016","http://link.springer.com/book/10.1007/978-3-319-22951-5","Book"
"Forschungsmethoden in Psychologie und Sozialwissenschaften für Bachelor","Springer-Lehrbuch","","","","10.1007/978-3-642-34362-9","Prof. Dr. Walter HussyProf. Dr. Margrit SchreierProf. Dr. Gerald Echterhoff","2013","http://link.springer.com/book/10.1007/978-3-642-34362-9","Book"
"The Finite Volume Method in Computational Fluid Dynamics","Fluid Mechanics and Its Applications","","","","10.1007/978-3-319-16874-6","F. MoukalledL. ManganiM. Darwish","2016","http://link.springer.com/book/10.1007/978-3-319-16874-6","Book"
"Essentials of Business Analytics","International Series in Operations Research & Management Science","","","","10.1007/978-3-319-68837-4","Bhimasankaram PochirajuDr. Sridhar Seshadri","2019","http://link.springer.com/book/10.1007/978-3-319-68837-4","Book"
"Roloff/Matek Maschinenelemente","","","","","10.1007/978-3-658-09082-1","Herbert WittelDieter MuhsDieter JannaschJoachim Voßiek","2015","http://link.springer.com/book/10.1007/978-3-658-09082-1","Book"
"Psychologische Diagnostik","Springer-Lehrbuch","","","","10.1007/978-3-642-17001-0","Prof. Dr. Lothar Schmidt-AtzertProf. Dr. Manfred Amelang","2012","http://link.springer.com/book/10.1007/978-3-642-17001-0","Book"
"Kognitive Neurowissenschaften","Springer-Lehrbuch","","","","10.1007/978-3-642-25527-4","Prof. Dr. Dr. Hans-Otto KarnathProf. Dr. Peter Thier","2012","http://link.springer.com/book/10.1007/978-3-642-25527-4","Book"
"Abstract Algebra","Springer Undergraduate Mathematics Series","","","","10.1007/978-3-319-77649-1","Prof. Gregory T. Lee","2018","http://link.springer.com/book/10.1007/978-3-319-77649-1","Book"
"Organische Chemie","Springer-Lehrbuch","","","","10.1007/978-3-662-46180-8","Hans Peter LatschaUli KazmaierHelmut Klein","2016","http://link.springer.com/book/10.1007/978-3-662-46180-8","Book"
"Arbeits- und Organisationspsychologie","Springer-Lehrbuch","","","","10.1007/978-3-662-56666-4","Prof. Dr. Friedemann W. NerdingerProf. Dr. Gerhard BlickleProf. Dr. Niclas Schaper","2019","http://link.springer.com/book/10.1007/978-3-662-56666-4","Book"
"Introduction to Formal Philosophy","Springer Undergraduate Texts in Philosophy","","","","10.1007/978-3-319-77434-3","Dr. Sven Ove HanssonVincent F. Hendricks","2018","http://link.springer.com/book/10.1007/978-3-319-77434-3","Book"
"Arbeitsbuch Höhere Mathematik in Rezepten","","","","","10.1007/978-3-662-54811-0","Dr. Christian Karpfinger","2018","http://link.springer.com/book/10.1007/978-3-662-54811-0","Book"
"Advanced Guide to Python 3 Programming","Undergraduate Topics in Computer Science","","","","10.1007/978-3-030-25943-3","Dr. John Hunt","2019","http://link.springer.com/book/10.1007/978-3-030-25943-3","Book"
"Quantum Mechanics","Graduate Texts in Contemporary Physics","","","","10.1007/978-1-4612-1272-0","K. T. Hecht","2000","http://link.springer.com/book/10.1007/978-1-4612-1272-0","Book"
"Integrierte Materialwirtschaft, Logistik und Beschaffung","Springer-Lehrbuch","","","","10.1007/978-3-642-45023-5","Helmut Wannenwetsch","2014","http://link.springer.com/book/10.1007/978-3-642-45023-5","Book"
"Stellar Structure and Evolution","Astronomy and Astrophysics Library","","","","10.1007/978-3-642-30304-3","Rudolf KippenhahnAlfred WeigertAchim Weiss","2012","http://link.springer.com/book/10.1007/978-3-642-30304-3","Book"
"Testtheorie und Fragebogenkonstruktion","Springer-Lehrbuch","","","","10.1007/978-3-642-20072-4","Univ.-Prof. Dr. Helfried MoosbruggerProf. Dr. Augustin Kelava","2012","http://link.springer.com/book/10.1007/978-3-642-20072-4","Book"
"Pädagogische Psychologie","Springer-Lehrbuch","","","","10.1007/978-3-642-41291-2","Elke WildJens Möller","2015","http://link.springer.com/book/10.1007/978-3-642-41291-2","Book"
"SPSS for Starters and 2nd Levelers","","","","","10.1007/978-3-319-20600-4","Ton J. CleophasAeilko H. Zwinderman","2016","http://link.springer.com/book/10.1007/978-3-319-20600-4","Book"
"Readings in Formal Epistemology","Springer Graduate Texts in Philosophy","","","","10.1007/978-3-319-20451-2","Horacio Arló-CostaVincent F. HendricksJohan van Benthem","2016","http://link.springer.com/book/10.1007/978-3-319-20451-2","Book"
"Air Pollution and Greenhouse Gases","Green Energy and Technology","","","","10.1007/978-981-287-212-8","Zhongchao Tan","2014","http://link.springer.com/book/10.1007/978-981-287-212-8","Book"
"Introduction to Data Science","Undergraduate Topics in Computer Science","","","","10.1007/978-3-319-50017-1","Laura IgualSanti Seguí","2017","http://link.springer.com/book/10.1007/978-3-319-50017-1","Book"
"Biologische Psychologie","Springer-Lehrbuch","","","","10.1007/978-3-540-95938-0","Professor Dr. Dr. h.c. Niels BirbaumerProfessor em. Dr. med. D.Sc. h.c. Robert F. Schmidt Ph.D.","2010","http://link.springer.com/book/10.1007/978-3-540-95938-0","Book"
"The ASCRS Textbook of Colon and Rectal Surgery","","","","","10.1007/978-3-319-25970-3","Dr. Scott R. SteeleMD Tracy L. HullDr. Thomas E. ReadMD Theodore J. SaclaridesMD Anthony J. SenagoreCharles B. Whitlow","2016","http://link.springer.com/book/10.1007/978-3-319-25970-3","Book"
"Mathematik","","","","","10.1007/978-3-662-56741-8","Dr. Tilo ArensDr. Frank HettlichProf. Dr. Christian KarpfingerProf. Dr. Ulrich KockelkornDr. Klaus LichteneggerProf. Dr. Hellmuth Stachel","2018","http://link.springer.com/book/10.1007/978-3-662-56741-8","Book"
"Guide to Scientific Computing in C++","Undergraduate Topics in Computer Science","","","","10.1007/978-3-319-73132-2","Dr. Joe Pitt-FrancisProf. Jonathan Whiteley","2017","http://link.springer.com/book/10.1007/978-3-319-73132-2","Book"
"Arbeits- und Organisationspsychologie","Springer-Lehrbuch","","","","10.1007/978-3-642-41130-4","Friedemann W. NerdingerGerhard BlickleNiclas Schaper","2014","http://link.springer.com/book/10.1007/978-3-642-41130-4","Book"
"Arbeitsbuch Mathematik","","","","","10.1007/978-3-662-56750-0","Dr. Tilo ArensDr. Frank HettlichProf. Dr. Christian KarpfingerProf. Dr. Ulrich KockelkornDr. Klaus LichteneggerProf. Dr. Hellmuth Stachel","2018","http://link.springer.com/book/10.1007/978-3-662-56750-0","Book"
"Theoretische Physik","","","","","10.1007/978-3-642-54618-1","Matthias BartelmannBjörn FeuerbacherTimm KrügerDieter LüstAnton RebhanAndreas Wipf","2015","http://link.springer.com/book/10.1007/978-3-642-54618-1","Book"
"Pharmakologie und Toxikologie","Springer-Lehrbuch","","","","10.1007/978-3-662-46689-6","Prof. Dr. med. Michael FreissmuthProf. Dr. med. Stefan OffermannsUniv.-Prof. Dr. med. Stefan Böhm","2016","http://link.springer.com/book/10.1007/978-3-662-46689-6","Book"
"Introduction to Parallel Computing","Undergraduate Topics in Computer Science","","","","10.1007/978-3-319-98833-7","Dr. Roman TrobecProf. Boštjan SlivnikProf. Patricio BulićProf. Borut Robič","2018","http://link.springer.com/book/10.1007/978-3-319-98833-7","Book"
"Essentials of Cerebellum and Cerebellar Disorders","","","","","10.1007/978-3-319-24551-5","Donna L. GruolNoriyuki KoibuchiMario MantoMarco MolinariJeremy D. SchmahmannYing Shen","2016","http://link.springer.com/book/10.1007/978-3-319-24551-5","Book"
"Statistik für Human- und Sozialwissenschaftler","Springer-Lehrbuch","","","","10.1007/978-3-642-12770-0","Prof. Dr. Jürgen BortzProf. Dr. Christof Schuster","2010","http://link.springer.com/book/10.1007/978-3-642-12770-0","Book"
"The Physics of Semiconductors","Graduate Texts in Physics","","","","10.1007/978-3-319-23880-7","Marius Grundmann","2016","http://link.springer.com/book/10.1007/978-3-319-23880-7","Book"
"Physiologie des Menschen","Springer-Lehrbuch","","","","10.1007/978-3-642-01651-6","Dr.h.c. Robert F Schmidt Ph.DDr. Florian LangDr. Manfred Heckmann","2011","http://link.springer.com/book/10.1007/978-3-642-01651-6","Book"
"Regression Modeling Strategies","Springer Series in Statistics","","","","10.1007/978-3-319-19425-7","Frank E. Harrell , Jr.","2015","http://link.springer.com/book/10.1007/978-3-319-19425-7","Book"
"Algebra","Graduate Texts in Mathematics","","","","10.1007/978-1-4613-0041-0","Serge Lang","2002","http://link.springer.com/book/10.1007/978-1-4613-0041-0","Book"
"An Introduction to Soil Mechanics","Theory and Applications of Transport in Porous Media","","","","10.1007/978-3-319-61185-3","Prof. Dr. Arnold Verruijt","2018","http://link.springer.com/book/10.1007/978-3-319-61185-3","Book"
"Klinische Psychologie & Psychotherapie","Springer-Lehrbuch","","","","10.1007/978-3-642-13018-2","Professor Dr. Hans-Ulrich WittchenProfessor Dr. Jürgen Hoyer","2011","http://link.springer.com/book/10.1007/978-3-642-13018-2","Book"
"Computational Physics","Graduate Texts in Physics","","","","10.1007/978-3-319-61088-7","Prof. Dr. Philipp O.J. Scherer","2017","http://link.springer.com/book/10.1007/978-3-319-61088-7","Book"
"Methods of Mathematical Modelling","Springer Undergraduate Mathematics Series","","","","10.1007/978-3-319-23042-9","Thomas WitelskiMark Bowen","2015","http://link.springer.com/book/10.1007/978-3-319-23042-9","Book"
"Löffler/Petrides Biochemie und Pathobiochemie","Springer-Lehrbuch","","","","10.1007/978-3-642-17972-3","Prof. Dr. Peter C. HeinrichProf. Dr. Matthias MüllerProf. Dr. Lutz Graeve","2014","http://link.springer.com/book/10.1007/978-3-642-17972-3","Book"
"Handbook of Sociological Theory","Handbooks of Sociology and Social Research","","","","10.1007/0-387-36274-6","Jonathan H. Turner","2001","http://link.springer.com/book/10.1007/0-387-36274-6","Book"
"Handbook of the Sociology of Gender","Handbooks of Sociology and Social Research","","","","10.1007/0-387-36218-5","Janet Saltzman Chafetz","2006","http://link.springer.com/book/10.1007/0-387-36218-5","Book"
"Basics of Laser Physics","Graduate Texts in Physics","","","","10.1007/978-3-319-50651-7","Karl F. Renk","2017","http://link.springer.com/book/10.1007/978-3-319-50651-7","Book"
"A Modern Introduction to Probability and Statistics","Springer Texts in Statistics","","","","10.1007/1-84628-168-7","Frederik Michel DekkingCornelis KraaikampHendrik Paul LopuhaäLudolf Erwin Meester","2005","http://link.springer.com/book/10.1007/1-84628-168-7","Book"
"Handbook of the Life Course","Handbooks of Sociology and Social Research","","","","10.1007/b100507","Jeylan T. MortimerMichael J. Shanahan","2003","http://link.springer.com/book/10.1007/b100507","Book"
"Statistical Mechanics for Engineers","","","","","10.1007/978-3-319-13809-1","Isamu Kusaka","2015","http://link.springer.com/book/10.1007/978-3-319-13809-1","Book"
"Social Anxiety and Social Phobia in Youth","Series in Anxiety and Related Disorders","","","","10.1007/b99417","Christopher A. Kearney","2005","http://link.springer.com/book/10.1007/b99417","Book"
"Intuitive Probability and Random Processes Using MATLAB®","","","","","10.1007/b104645","Steven M. Kay","2006","http://link.springer.com/book/10.1007/b104645","Book"
"Fundamentals of Power Electronics","","","","","10.1007/b100747","Robert W. EricksonDragan Maksimović","2001","http://link.springer.com/book/10.1007/b100747","Book"
"Discrete Mathematics","Undergraduate Texts in Mathematics","","","","10.1007/b97469","L. LovászJ. PelikánK. Vesztergombi","2003","http://link.springer.com/book/10.1007/b97469","Book"
"Verhaltensbiologie","","","","","10.1007/978-3-662-53145-7","Peter Kappeler","2017","http://link.springer.com/book/10.1007/978-3-662-53145-7","Book"
"Analysis 2","Grundkurs Mathematik","","","","10.1007/978-3-658-19411-6","Prof. Dr. Otto Forster","2017","http://link.springer.com/book/10.1007/978-3-658-19411-6","Book"